"BehaviorSpace results (NetLogo 7.0.3)","Table version 2.0"
"C:\Dossiers\Master AI\Research Methods for AI\RMAI Research Project\netlogo\virus_simulation.nlogox"
"07-baseline-ER-lognormal-Tang"
"05/10/2026 16:02:59:560 +0200"
"min-pxcor","max-pxcor","min-pycor","max-pycor"
"-2","2","-2","2"
"[run number]","interconnection-structure","network-type","expt-seed","num-nodes","avg-degree","rewiring-prob","initial-infected","recovery-mean","lognormal-sigma","max-ticks","infection-prob","[step]","bs-out-extinct","bs-out-final-tick","bs-out-late-mean-prevalence","bs-out-tau-sim","bs-out-mean-degree"
"2","other","Erdos-Renyi (random)","10001","2000","6","0.07","5","5","1","10000","0.018","8","1","8","0","0.09","5.979"
"5","other","Erdos-Renyi (random)","10001","2000","6","0.07","5","5","1","10000","0.018","8","1","8","0","0.09","5.979"
"4","other","Erdos-Renyi (random)","10001","2000","6","0.07","5","5","1","10000","0.018","8","1","8","0","0.09","5.979"
"6","other","Erdos-Renyi (random)","10001","2000","6","0.07","5","5","1","10000","0.018","8","1","8","0","0.09","5.979"
"1","other","Erdos-Renyi (random)","10001","2000","6","0.07","5","5","1","10000","0.018","8","1","8","0","0.09","5.979"
"3","other","Erdos-Renyi (random)","10001","2000","6","0.07","5","5","1","10000","0.018","8","1","8","0","0.09","5.979"
"7","other","Erdos-Renyi (random)","10001","2000","6","0.07","5","5","1","10000","0.018","8","1","8","0","0.09","5.979"
"10","other","Erdos-Renyi (random)","10001","2000","6","0.07","5","5","1","10000","0.018","8","1","8","0","0.09","5.979"
"9","other","Erdos-Renyi (random)","10001","2000","6","0.07","5","5","1","10000","0.018","8","1","8","0","0.09","5.979"
"8","other","Erdos-Renyi (random)","10001","2000","6","0.07","5","5","1","10000","0.018","8","1","8","0","0.09","5.979"
"12","other","Erdos-Renyi (random)","10001","2000","6","0.07","5","5","1","10000","0.018","8","1","8","0","0.09","5.979"
"11","other","Erdos-Renyi (random)","10001","2000","6","0.07","5","5","1","10000","0.018","8","1","8","0","0.09","5.979"
"15","other","Erdos-Renyi (random)","10001","2000","6","0.07","5","5","1","10000","0.018","8","1","8","0","0.09","5.979"
"16","other","Erdos-Renyi (random)","10001","2000","6","0.07","5","5","1","10000","0.018","8","1","8","0","0.09","5.979"
"14","other","Erdos-Renyi (random)","10001","2000","6","0.07","5","5","1","10000","0.018","8","1","8","0","0.09","5.979"
"13","other","Erdos-Renyi (random)","10001","2000","6","0.07","5","5","1","10000","0.018","8","1","8","0","0.09","5.979"
"17","other","Erdos-Renyi (random)","10001","2000","6","0.07","5","5","1","10000","0.018","8","1","8","0","0.09","5.979"
"18","other","Erdos-Renyi (random)","10001","2000","6","0.07","5","5","1","10000","0.018","8","1","8","0","0.09","5.979"
"19","other","Erdos-Renyi (random)","10001","2000","6","0.07","5","5","1","10000","0.018","8","1","8","0","0.09","5.979"
"20","other","Erdos-Renyi (random)","10001","2000","6","0.07","5","5","1","10000","0.018","8","1","8","0","0.09","5.979"
"21","other","Erdos-Renyi (random)","10001","2000","6","0.07","5","5","1","10000","0.018","8","1","8","0","0.09","5.979"
"22","other","Erdos-Renyi (random)","10001","2000","6","0.07","5","5","1","10000","0.018","8","1","8","0","0.09","5.979"
"23","other","Erdos-Renyi (random)","10001","2000","6","0.07","5","5","1","10000","0.018","8","1","8","0","0.09","5.979"
"24","other","Erdos-Renyi (random)","10001","2000","6","0.07","5","5","1","10000","0.018","8","1","8","0","0.09","5.979"
"25","other","Erdos-Renyi (random)","10001","2000","6","0.07","5","5","1","10000","0.02","8","1","8","0","0.1","5.979"
"26","other","Erdos-Renyi (random)","10001","2000","6","0.07","5","5","1","10000","0.02","8","1","8","0","0.1","5.979"
"27","other","Erdos-Renyi (random)","10001","2000","6","0.07","5","5","1","10000","0.02","8","1","8","0","0.1","5.979"
"28","other","Erdos-Renyi (random)","10001","2000","6","0.07","5","5","1","10000","0.02","8","1","8","0","0.1","5.979"
"29","other","Erdos-Renyi (random)","10001","2000","6","0.07","5","5","1","10000","0.02","8","1","8","0","0.1","5.979"
"30","other","Erdos-Renyi (random)","10001","2000","6","0.07","5","5","1","10000","0.02","8","1","8","0","0.1","5.979"
"32","other","Erdos-Renyi (random)","10001","2000","6","0.07","5","5","1","10000","0.02","8","1","8","0","0.1","5.979"
"33","other","Erdos-Renyi (random)","10001","2000","6","0.07","5","5","1","10000","0.02","8","1","8","0","0.1","5.979"
"31","other","Erdos-Renyi (random)","10001","2000","6","0.07","5","5","1","10000","0.02","8","1","8","0","0.1","5.979"
"34","other","Erdos-Renyi (random)","10001","2000","6","0.07","5","5","1","10000","0.02","8","1","8","0","0.1","5.979"
"35","other","Erdos-Renyi (random)","10001","2000","6","0.07","5","5","1","10000","0.02","8","1","8","0","0.1","5.979"
"36","other","Erdos-Renyi (random)","10001","2000","6","0.07","5","5","1","10000","0.02","8","1","8","0","0.1","5.979"
"37","other","Erdos-Renyi (random)","10001","2000","6","0.07","5","5","1","10000","0.02","8","1","8","0","0.1","5.979"
"39","other","Erdos-Renyi (random)","10001","2000","6","0.07","5","5","1","10000","0.02","8","1","8","0","0.1","5.979"
"38","other","Erdos-Renyi (random)","10001","2000","6","0.07","5","5","1","10000","0.02","8","1","8","0","0.1","5.979"
"40","other","Erdos-Renyi (random)","10001","2000","6","0.07","5","5","1","10000","0.02","8","1","8","0","0.1","5.979"
"41","other","Erdos-Renyi (random)","10001","2000","6","0.07","5","5","1","10000","0.02","8","1","8","0","0.1","5.979"
"42","other","Erdos-Renyi (random)","10001","2000","6","0.07","5","5","1","10000","0.02","8","1","8","0","0.1","5.979"
"43","other","Erdos-Renyi (random)","10001","2000","6","0.07","5","5","1","10000","0.02","8","1","8","0","0.1","5.979"
"44","other","Erdos-Renyi (random)","10001","2000","6","0.07","5","5","1","10000","0.02","8","1","8","0","0.1","5.979"
"46","other","Erdos-Renyi (random)","10001","2000","6","0.07","5","5","1","10000","0.02","8","1","8","0","0.1","5.979"
"45","other","Erdos-Renyi (random)","10001","2000","6","0.07","5","5","1","10000","0.02","8","1","8","0","0.1","5.979"
"47","other","Erdos-Renyi (random)","10001","2000","6","0.07","5","5","1","10000","0.02","8","1","8","0","0.1","5.979"
"48","other","Erdos-Renyi (random)","10001","2000","6","0.07","5","5","1","10000","0.02","8","1","8","0","0.1","5.979"
"49","other","Erdos-Renyi (random)","10001","2000","6","0.07","5","5","1","10000","0.022","8","1","8","0","0.10999999999999999","5.979"
"50","other","Erdos-Renyi (random)","10001","2000","6","0.07","5","5","1","10000","0.022","8","1","8","0","0.10999999999999999","5.979"
"52","other","Erdos-Renyi (random)","10001","2000","6","0.07","5","5","1","10000","0.022","8","1","8","0","0.10999999999999999","5.979"
"51","other","Erdos-Renyi (random)","10001","2000","6","0.07","5","5","1","10000","0.022","8","1","8","0","0.10999999999999999","5.979"
"53","other","Erdos-Renyi (random)","10001","2000","6","0.07","5","5","1","10000","0.022","8","1","8","0","0.10999999999999999","5.979"
"54","other","Erdos-Renyi (random)","10001","2000","6","0.07","5","5","1","10000","0.022","8","1","8","0","0.10999999999999999","5.979"
"55","other","Erdos-Renyi (random)","10001","2000","6","0.07","5","5","1","10000","0.022","8","1","8","0","0.10999999999999999","5.979"
"56","other","Erdos-Renyi (random)","10001","2000","6","0.07","5","5","1","10000","0.022","8","1","8","0","0.10999999999999999","5.979"
"57","other","Erdos-Renyi (random)","10001","2000","6","0.07","5","5","1","10000","0.022","8","1","8","0","0.10999999999999999","5.979"
"58","other","Erdos-Renyi (random)","10001","2000","6","0.07","5","5","1","10000","0.022","8","1","8","0","0.10999999999999999","5.979"
"60","other","Erdos-Renyi (random)","10001","2000","6","0.07","5","5","1","10000","0.022","8","1","8","0","0.10999999999999999","5.979"
"59","other","Erdos-Renyi (random)","10001","2000","6","0.07","5","5","1","10000","0.022","8","1","8","0","0.10999999999999999","5.979"
"61","other","Erdos-Renyi (random)","10001","2000","6","0.07","5","5","1","10000","0.022","8","1","8","0","0.10999999999999999","5.979"
"62","other","Erdos-Renyi (random)","10001","2000","6","0.07","5","5","1","10000","0.022","8","1","8","0","0.10999999999999999","5.979"
"63","other","Erdos-Renyi (random)","10001","2000","6","0.07","5","5","1","10000","0.022","8","1","8","0","0.10999999999999999","5.979"
"64","other","Erdos-Renyi (random)","10001","2000","6","0.07","5","5","1","10000","0.022","8","1","8","0","0.10999999999999999","5.979"
"66","other","Erdos-Renyi (random)","10001","2000","6","0.07","5","5","1","10000","0.022","8","1","8","0","0.10999999999999999","5.979"
"65","other","Erdos-Renyi (random)","10001","2000","6","0.07","5","5","1","10000","0.022","8","1","8","0","0.10999999999999999","5.979"
"67","other","Erdos-Renyi (random)","10001","2000","6","0.07","5","5","1","10000","0.022","8","1","8","0","0.10999999999999999","5.979"
"68","other","Erdos-Renyi (random)","10001","2000","6","0.07","5","5","1","10000","0.022","8","1","8","0","0.10999999999999999","5.979"
"69","other","Erdos-Renyi (random)","10001","2000","6","0.07","5","5","1","10000","0.022","8","1","8","0","0.10999999999999999","5.979"
"70","other","Erdos-Renyi (random)","10001","2000","6","0.07","5","5","1","10000","0.022","8","1","8","0","0.10999999999999999","5.979"
"71","other","Erdos-Renyi (random)","10001","2000","6","0.07","5","5","1","10000","0.022","8","1","8","0","0.10999999999999999","5.979"
"72","other","Erdos-Renyi (random)","10001","2000","6","0.07","5","5","1","10000","0.022","8","1","8","0","0.10999999999999999","5.979"
"73","other","Erdos-Renyi (random)","10001","2000","6","0.07","5","5","1","10000","0.024","8","1","8","0","0.12","5.979"
"74","other","Erdos-Renyi (random)","10001","2000","6","0.07","5","5","1","10000","0.024","8","1","8","0","0.12","5.979"
"75","other","Erdos-Renyi (random)","10001","2000","6","0.07","5","5","1","10000","0.024","8","1","8","0","0.12","5.979"
"76","other","Erdos-Renyi (random)","10001","2000","6","0.07","5","5","1","10000","0.024","8","1","8","0","0.12","5.979"
"78","other","Erdos-Renyi (random)","10001","2000","6","0.07","5","5","1","10000","0.024","8","1","8","0","0.12","5.979"
"77","other","Erdos-Renyi (random)","10001","2000","6","0.07","5","5","1","10000","0.024","8","1","8","0","0.12","5.979"
"79","other","Erdos-Renyi (random)","10001","2000","6","0.07","5","5","1","10000","0.024","8","1","8","0","0.12","5.979"
"80","other","Erdos-Renyi (random)","10001","2000","6","0.07","5","5","1","10000","0.024","8","1","8","0","0.12","5.979"
"81","other","Erdos-Renyi (random)","10001","2000","6","0.07","5","5","1","10000","0.024","8","1","8","0","0.12","5.979"
"82","other","Erdos-Renyi (random)","10001","2000","6","0.07","5","5","1","10000","0.024","8","1","8","0","0.12","5.979"
"83","other","Erdos-Renyi (random)","10001","2000","6","0.07","5","5","1","10000","0.024","8","1","8","0","0.12","5.979"
"84","other","Erdos-Renyi (random)","10001","2000","6","0.07","5","5","1","10000","0.024","8","1","8","0","0.12","5.979"
"85","other","Erdos-Renyi (random)","10001","2000","6","0.07","5","5","1","10000","0.024","8","1","8","0","0.12","5.979"
"86","other","Erdos-Renyi (random)","10001","2000","6","0.07","5","5","1","10000","0.024","8","1","8","0","0.12","5.979"
"87","other","Erdos-Renyi (random)","10001","2000","6","0.07","5","5","1","10000","0.024","8","1","8","0","0.12","5.979"
"88","other","Erdos-Renyi (random)","10001","2000","6","0.07","5","5","1","10000","0.024","8","1","8","0","0.12","5.979"
"89","other","Erdos-Renyi (random)","10001","2000","6","0.07","5","5","1","10000","0.024","8","1","8","0","0.12","5.979"
"90","other","Erdos-Renyi (random)","10001","2000","6","0.07","5","5","1","10000","0.024","8","1","8","0","0.12","5.979"
"91","other","Erdos-Renyi (random)","10001","2000","6","0.07","5","5","1","10000","0.024","8","1","8","0","0.12","5.979"
"92","other","Erdos-Renyi (random)","10001","2000","6","0.07","5","5","1","10000","0.024","8","1","8","0","0.12","5.979"
"93","other","Erdos-Renyi (random)","10001","2000","6","0.07","5","5","1","10000","0.024","8","1","8","0","0.12","5.979"
"94","other","Erdos-Renyi (random)","10001","2000","6","0.07","5","5","1","10000","0.024","8","1","8","0","0.12","5.979"
"95","other","Erdos-Renyi (random)","10001","2000","6","0.07","5","5","1","10000","0.024","8","1","8","0","0.12","5.979"
"96","other","Erdos-Renyi (random)","10001","2000","6","0.07","5","5","1","10000","0.024","8","1","8","0","0.12","5.979"
"97","other","Erdos-Renyi (random)","10001","2000","6","0.07","5","5","1","10000","0.026","9","1","9","0","0.13","5.979"
"99","other","Erdos-Renyi (random)","10001","2000","6","0.07","5","5","1","10000","0.026","9","1","9","0","0.13","5.979"
"98","other","Erdos-Renyi (random)","10001","2000","6","0.07","5","5","1","10000","0.026","9","1","9","0","0.13","5.979"
"100","other","Erdos-Renyi (random)","10001","2000","6","0.07","5","5","1","10000","0.026","9","1","9","0","0.13","5.979"
"101","other","Erdos-Renyi (random)","10001","2000","6","0.07","5","5","1","10000","0.026","9","1","9","0","0.13","5.979"
"102","other","Erdos-Renyi (random)","10001","2000","6","0.07","5","5","1","10000","0.026","9","1","9","0","0.13","5.979"
"103","other","Erdos-Renyi (random)","10001","2000","6","0.07","5","5","1","10000","0.026","9","1","9","0","0.13","5.979"
"104","other","Erdos-Renyi (random)","10001","2000","6","0.07","5","5","1","10000","0.026","9","1","9","0","0.13","5.979"
"105","other","Erdos-Renyi (random)","10001","2000","6","0.07","5","5","1","10000","0.026","9","1","9","0","0.13","5.979"
"106","other","Erdos-Renyi (random)","10001","2000","6","0.07","5","5","1","10000","0.026","9","1","9","0","0.13","5.979"
"107","other","Erdos-Renyi (random)","10001","2000","6","0.07","5","5","1","10000","0.026","9","1","9","0","0.13","5.979"
"108","other","Erdos-Renyi (random)","10001","2000","6","0.07","5","5","1","10000","0.026","9","1","9","0","0.13","5.979"
"109","other","Erdos-Renyi (random)","10001","2000","6","0.07","5","5","1","10000","0.026","9","1","9","0","0.13","5.979"
"110","other","Erdos-Renyi (random)","10001","2000","6","0.07","5","5","1","10000","0.026","9","1","9","0","0.13","5.979"
"111","other","Erdos-Renyi (random)","10001","2000","6","0.07","5","5","1","10000","0.026","9","1","9","0","0.13","5.979"
"112","other","Erdos-Renyi (random)","10001","2000","6","0.07","5","5","1","10000","0.026","9","1","9","0","0.13","5.979"
"113","other","Erdos-Renyi (random)","10001","2000","6","0.07","5","5","1","10000","0.026","9","1","9","0","0.13","5.979"
"114","other","Erdos-Renyi (random)","10001","2000","6","0.07","5","5","1","10000","0.026","9","1","9","0","0.13","5.979"
"115","other","Erdos-Renyi (random)","10001","2000","6","0.07","5","5","1","10000","0.026","9","1","9","0","0.13","5.979"
"116","other","Erdos-Renyi (random)","10001","2000","6","0.07","5","5","1","10000","0.026","9","1","9","0","0.13","5.979"
"117","other","Erdos-Renyi (random)","10001","2000","6","0.07","5","5","1","10000","0.026","9","1","9","0","0.13","5.979"
"118","other","Erdos-Renyi (random)","10001","2000","6","0.07","5","5","1","10000","0.026","9","1","9","0","0.13","5.979"
"119","other","Erdos-Renyi (random)","10001","2000","6","0.07","5","5","1","10000","0.026","9","1","9","0","0.13","5.979"
"120","other","Erdos-Renyi (random)","10001","2000","6","0.07","5","5","1","10000","0.026","9","1","9","0","0.13","5.979"
"121","other","Erdos-Renyi (random)","10001","2000","6","0.07","5","5","1","10000","0.028","9","1","9","0","0.14","5.979"
"122","other","Erdos-Renyi (random)","10001","2000","6","0.07","5","5","1","10000","0.028","9","1","9","0","0.14","5.979"
"123","other","Erdos-Renyi (random)","10001","2000","6","0.07","5","5","1","10000","0.028","9","1","9","0","0.14","5.979"
"124","other","Erdos-Renyi (random)","10001","2000","6","0.07","5","5","1","10000","0.028","9","1","9","0","0.14","5.979"
"125","other","Erdos-Renyi (random)","10001","2000","6","0.07","5","5","1","10000","0.028","9","1","9","0","0.14","5.979"
"126","other","Erdos-Renyi (random)","10001","2000","6","0.07","5","5","1","10000","0.028","9","1","9","0","0.14","5.979"
"127","other","Erdos-Renyi (random)","10001","2000","6","0.07","5","5","1","10000","0.028","9","1","9","0","0.14","5.979"
"128","other","Erdos-Renyi (random)","10001","2000","6","0.07","5","5","1","10000","0.028","9","1","9","0","0.14","5.979"
"129","other","Erdos-Renyi (random)","10001","2000","6","0.07","5","5","1","10000","0.028","9","1","9","0","0.14","5.979"
"130","other","Erdos-Renyi (random)","10001","2000","6","0.07","5","5","1","10000","0.028","9","1","9","0","0.14","5.979"
"131","other","Erdos-Renyi (random)","10001","2000","6","0.07","5","5","1","10000","0.028","9","1","9","0","0.14","5.979"
"132","other","Erdos-Renyi (random)","10001","2000","6","0.07","5","5","1","10000","0.028","9","1","9","0","0.14","5.979"
"133","other","Erdos-Renyi (random)","10001","2000","6","0.07","5","5","1","10000","0.028","9","1","9","0","0.14","5.979"
"134","other","Erdos-Renyi (random)","10001","2000","6","0.07","5","5","1","10000","0.028","9","1","9","0","0.14","5.979"
"136","other","Erdos-Renyi (random)","10001","2000","6","0.07","5","5","1","10000","0.028","9","1","9","0","0.14","5.979"
"135","other","Erdos-Renyi (random)","10001","2000","6","0.07","5","5","1","10000","0.028","9","1","9","0","0.14","5.979"
"138","other","Erdos-Renyi (random)","10001","2000","6","0.07","5","5","1","10000","0.028","9","1","9","0","0.14","5.979"
"137","other","Erdos-Renyi (random)","10001","2000","6","0.07","5","5","1","10000","0.028","9","1","9","0","0.14","5.979"
"139","other","Erdos-Renyi (random)","10001","2000","6","0.07","5","5","1","10000","0.028","9","1","9","0","0.14","5.979"
"140","other","Erdos-Renyi (random)","10001","2000","6","0.07","5","5","1","10000","0.028","9","1","9","0","0.14","5.979"
"141","other","Erdos-Renyi (random)","10001","2000","6","0.07","5","5","1","10000","0.028","9","1","9","0","0.14","5.979"
"142","other","Erdos-Renyi (random)","10001","2000","6","0.07","5","5","1","10000","0.028","9","1","9","0","0.14","5.979"
"143","other","Erdos-Renyi (random)","10001","2000","6","0.07","5","5","1","10000","0.028","9","1","9","0","0.14","5.979"
"144","other","Erdos-Renyi (random)","10001","2000","6","0.07","5","5","1","10000","0.028","9","1","9","0","0.14","5.979"
"145","other","Erdos-Renyi (random)","10001","2000","6","0.07","5","5","1","10000","0.03","9","1","9","0","0.15","5.979"
"147","other","Erdos-Renyi (random)","10001","2000","6","0.07","5","5","1","10000","0.03","9","1","9","0","0.15","5.979"
"146","other","Erdos-Renyi (random)","10001","2000","6","0.07","5","5","1","10000","0.03","9","1","9","0","0.15","5.979"
"148","other","Erdos-Renyi (random)","10001","2000","6","0.07","5","5","1","10000","0.03","9","1","9","0","0.15","5.979"
"149","other","Erdos-Renyi (random)","10001","2000","6","0.07","5","5","1","10000","0.03","9","1","9","0","0.15","5.979"
"150","other","Erdos-Renyi (random)","10001","2000","6","0.07","5","5","1","10000","0.03","9","1","9","0","0.15","5.979"
"151","other","Erdos-Renyi (random)","10001","2000","6","0.07","5","5","1","10000","0.03","9","1","9","0","0.15","5.979"
"152","other","Erdos-Renyi (random)","10001","2000","6","0.07","5","5","1","10000","0.03","9","1","9","0","0.15","5.979"
"153","other","Erdos-Renyi (random)","10001","2000","6","0.07","5","5","1","10000","0.03","9","1","9","0","0.15","5.979"
"154","other","Erdos-Renyi (random)","10001","2000","6","0.07","5","5","1","10000","0.03","9","1","9","0","0.15","5.979"
"155","other","Erdos-Renyi (random)","10001","2000","6","0.07","5","5","1","10000","0.03","9","1","9","0","0.15","5.979"
"156","other","Erdos-Renyi (random)","10001","2000","6","0.07","5","5","1","10000","0.03","9","1","9","0","0.15","5.979"
"157","other","Erdos-Renyi (random)","10001","2000","6","0.07","5","5","1","10000","0.03","9","1","9","0","0.15","5.979"
"158","other","Erdos-Renyi (random)","10001","2000","6","0.07","5","5","1","10000","0.03","9","1","9","0","0.15","5.979"
"159","other","Erdos-Renyi (random)","10001","2000","6","0.07","5","5","1","10000","0.03","9","1","9","0","0.15","5.979"
"160","other","Erdos-Renyi (random)","10001","2000","6","0.07","5","5","1","10000","0.03","9","1","9","0","0.15","5.979"
"161","other","Erdos-Renyi (random)","10001","2000","6","0.07","5","5","1","10000","0.03","9","1","9","0","0.15","5.979"
"162","other","Erdos-Renyi (random)","10001","2000","6","0.07","5","5","1","10000","0.03","9","1","9","0","0.15","5.979"
"163","other","Erdos-Renyi (random)","10001","2000","6","0.07","5","5","1","10000","0.03","9","1","9","0","0.15","5.979"
"164","other","Erdos-Renyi (random)","10001","2000","6","0.07","5","5","1","10000","0.03","9","1","9","0","0.15","5.979"
"165","other","Erdos-Renyi (random)","10001","2000","6","0.07","5","5","1","10000","0.03","9","1","9","0","0.15","5.979"
"166","other","Erdos-Renyi (random)","10001","2000","6","0.07","5","5","1","10000","0.03","9","1","9","0","0.15","5.979"
"167","other","Erdos-Renyi (random)","10001","2000","6","0.07","5","5","1","10000","0.03","9","1","9","0","0.15","5.979"
"168","other","Erdos-Renyi (random)","10001","2000","6","0.07","5","5","1","10000","0.03","9","1","9","0","0.15","5.979"
"169","other","Erdos-Renyi (random)","10001","2000","6","0.07","5","5","1","10000","0.032","8","1","8","0","0.16","5.979"
"170","other","Erdos-Renyi (random)","10001","2000","6","0.07","5","5","1","10000","0.032","8","1","8","0","0.16","5.979"
"171","other","Erdos-Renyi (random)","10001","2000","6","0.07","5","5","1","10000","0.032","8","1","8","0","0.16","5.979"
"172","other","Erdos-Renyi (random)","10001","2000","6","0.07","5","5","1","10000","0.032","8","1","8","0","0.16","5.979"
"173","other","Erdos-Renyi (random)","10001","2000","6","0.07","5","5","1","10000","0.032","8","1","8","0","0.16","5.979"
"175","other","Erdos-Renyi (random)","10001","2000","6","0.07","5","5","1","10000","0.032","8","1","8","0","0.16","5.979"
"174","other","Erdos-Renyi (random)","10001","2000","6","0.07","5","5","1","10000","0.032","8","1","8","0","0.16","5.979"
"176","other","Erdos-Renyi (random)","10001","2000","6","0.07","5","5","1","10000","0.032","8","1","8","0","0.16","5.979"
"177","other","Erdos-Renyi (random)","10001","2000","6","0.07","5","5","1","10000","0.032","8","1","8","0","0.16","5.979"
"178","other","Erdos-Renyi (random)","10001","2000","6","0.07","5","5","1","10000","0.032","8","1","8","0","0.16","5.979"
"179","other","Erdos-Renyi (random)","10001","2000","6","0.07","5","5","1","10000","0.032","8","1","8","0","0.16","5.979"
"180","other","Erdos-Renyi (random)","10001","2000","6","0.07","5","5","1","10000","0.032","8","1","8","0","0.16","5.979"
"181","other","Erdos-Renyi (random)","10001","2000","6","0.07","5","5","1","10000","0.032","8","1","8","0","0.16","5.979"
"182","other","Erdos-Renyi (random)","10001","2000","6","0.07","5","5","1","10000","0.032","8","1","8","0","0.16","5.979"
"183","other","Erdos-Renyi (random)","10001","2000","6","0.07","5","5","1","10000","0.032","8","1","8","0","0.16","5.979"
"184","other","Erdos-Renyi (random)","10001","2000","6","0.07","5","5","1","10000","0.032","8","1","8","0","0.16","5.979"
"185","other","Erdos-Renyi (random)","10001","2000","6","0.07","5","5","1","10000","0.032","8","1","8","0","0.16","5.979"
"186","other","Erdos-Renyi (random)","10001","2000","6","0.07","5","5","1","10000","0.032","8","1","8","0","0.16","5.979"
"187","other","Erdos-Renyi (random)","10001","2000","6","0.07","5","5","1","10000","0.032","8","1","8","0","0.16","5.979"
"188","other","Erdos-Renyi (random)","10001","2000","6","0.07","5","5","1","10000","0.032","8","1","8","0","0.16","5.979"
"189","other","Erdos-Renyi (random)","10001","2000","6","0.07","5","5","1","10000","0.032","8","1","8","0","0.16","5.979"
"190","other","Erdos-Renyi (random)","10001","2000","6","0.07","5","5","1","10000","0.032","8","1","8","0","0.16","5.979"
"191","other","Erdos-Renyi (random)","10001","2000","6","0.07","5","5","1","10000","0.032","8","1","8","0","0.16","5.979"
"192","other","Erdos-Renyi (random)","10001","2000","6","0.07","5","5","1","10000","0.032","8","1","8","0","0.16","5.979"
"193","other","Erdos-Renyi (random)","10001","2000","6","0.07","5","5","1","10000","0.034","8","1","8","0","0.17","5.979"
"194","other","Erdos-Renyi (random)","10001","2000","6","0.07","5","5","1","10000","0.034","8","1","8","0","0.17","5.979"
"195","other","Erdos-Renyi (random)","10001","2000","6","0.07","5","5","1","10000","0.034","8","1","8","0","0.17","5.979"
"196","other","Erdos-Renyi (random)","10001","2000","6","0.07","5","5","1","10000","0.034","8","1","8","0","0.17","5.979"
"198","other","Erdos-Renyi (random)","10001","2000","6","0.07","5","5","1","10000","0.034","8","1","8","0","0.17","5.979"
"197","other","Erdos-Renyi (random)","10001","2000","6","0.07","5","5","1","10000","0.034","8","1","8","0","0.17","5.979"
"199","other","Erdos-Renyi (random)","10001","2000","6","0.07","5","5","1","10000","0.034","8","1","8","0","0.17","5.979"
"200","other","Erdos-Renyi (random)","10001","2000","6","0.07","5","5","1","10000","0.034","8","1","8","0","0.17","5.979"
"201","other","Erdos-Renyi (random)","10001","2000","6","0.07","5","5","1","10000","0.034","8","1","8","0","0.17","5.979"
"202","other","Erdos-Renyi (random)","10001","2000","6","0.07","5","5","1","10000","0.034","8","1","8","0","0.17","5.979"
"203","other","Erdos-Renyi (random)","10001","2000","6","0.07","5","5","1","10000","0.034","8","1","8","0","0.17","5.979"
"204","other","Erdos-Renyi (random)","10001","2000","6","0.07","5","5","1","10000","0.034","8","1","8","0","0.17","5.979"
"205","other","Erdos-Renyi (random)","10001","2000","6","0.07","5","5","1","10000","0.034","8","1","8","0","0.17","5.979"
"206","other","Erdos-Renyi (random)","10001","2000","6","0.07","5","5","1","10000","0.034","8","1","8","0","0.17","5.979"
"207","other","Erdos-Renyi (random)","10001","2000","6","0.07","5","5","1","10000","0.034","8","1","8","0","0.17","5.979"
"208","other","Erdos-Renyi (random)","10001","2000","6","0.07","5","5","1","10000","0.034","8","1","8","0","0.17","5.979"
"209","other","Erdos-Renyi (random)","10001","2000","6","0.07","5","5","1","10000","0.034","8","1","8","0","0.17","5.979"
"210","other","Erdos-Renyi (random)","10001","2000","6","0.07","5","5","1","10000","0.034","8","1","8","0","0.17","5.979"
"211","other","Erdos-Renyi (random)","10001","2000","6","0.07","5","5","1","10000","0.034","8","1","8","0","0.17","5.979"
"212","other","Erdos-Renyi (random)","10001","2000","6","0.07","5","5","1","10000","0.034","8","1","8","0","0.17","5.979"
"213","other","Erdos-Renyi (random)","10001","2000","6","0.07","5","5","1","10000","0.034","8","1","8","0","0.17","5.979"
"214","other","Erdos-Renyi (random)","10001","2000","6","0.07","5","5","1","10000","0.034","8","1","8","0","0.17","5.979"
"215","other","Erdos-Renyi (random)","10001","2000","6","0.07","5","5","1","10000","0.034","8","1","8","0","0.17","5.979"
"216","other","Erdos-Renyi (random)","10001","2000","6","0.07","5","5","1","10000","0.034","8","1","8","0","0.17","5.979"
"217","other","Erdos-Renyi (random)","10001","2000","6","0.07","5","5","1","10000","0.036","8","1","8","0","0.18","5.979"
"218","other","Erdos-Renyi (random)","10001","2000","6","0.07","5","5","1","10000","0.036","8","1","8","0","0.18","5.979"
"219","other","Erdos-Renyi (random)","10001","2000","6","0.07","5","5","1","10000","0.036","8","1","8","0","0.18","5.979"
"220","other","Erdos-Renyi (random)","10001","2000","6","0.07","5","5","1","10000","0.036","8","1","8","0","0.18","5.979"
"221","other","Erdos-Renyi (random)","10001","2000","6","0.07","5","5","1","10000","0.036","8","1","8","0","0.18","5.979"
"222","other","Erdos-Renyi (random)","10001","2000","6","0.07","5","5","1","10000","0.036","8","1","8","0","0.18","5.979"
"223","other","Erdos-Renyi (random)","10001","2000","6","0.07","5","5","1","10000","0.036","8","1","8","0","0.18","5.979"
"224","other","Erdos-Renyi (random)","10001","2000","6","0.07","5","5","1","10000","0.036","8","1","8","0","0.18","5.979"
"225","other","Erdos-Renyi (random)","10001","2000","6","0.07","5","5","1","10000","0.036","8","1","8","0","0.18","5.979"
"226","other","Erdos-Renyi (random)","10001","2000","6","0.07","5","5","1","10000","0.036","8","1","8","0","0.18","5.979"
"228","other","Erdos-Renyi (random)","10001","2000","6","0.07","5","5","1","10000","0.036","8","1","8","0","0.18","5.979"
"227","other","Erdos-Renyi (random)","10001","2000","6","0.07","5","5","1","10000","0.036","8","1","8","0","0.18","5.979"
"229","other","Erdos-Renyi (random)","10001","2000","6","0.07","5","5","1","10000","0.036","8","1","8","0","0.18","5.979"
"230","other","Erdos-Renyi (random)","10001","2000","6","0.07","5","5","1","10000","0.036","8","1","8","0","0.18","5.979"
"231","other","Erdos-Renyi (random)","10001","2000","6","0.07","5","5","1","10000","0.036","8","1","8","0","0.18","5.979"
"232","other","Erdos-Renyi (random)","10001","2000","6","0.07","5","5","1","10000","0.036","8","1","8","0","0.18","5.979"
"233","other","Erdos-Renyi (random)","10001","2000","6","0.07","5","5","1","10000","0.036","8","1","8","0","0.18","5.979"
"234","other","Erdos-Renyi (random)","10001","2000","6","0.07","5","5","1","10000","0.036","8","1","8","0","0.18","5.979"
"235","other","Erdos-Renyi (random)","10001","2000","6","0.07","5","5","1","10000","0.036","8","1","8","0","0.18","5.979"
"236","other","Erdos-Renyi (random)","10001","2000","6","0.07","5","5","1","10000","0.036","8","1","8","0","0.18","5.979"
"237","other","Erdos-Renyi (random)","10001","2000","6","0.07","5","5","1","10000","0.036","8","1","8","0","0.18","5.979"
"238","other","Erdos-Renyi (random)","10001","2000","6","0.07","5","5","1","10000","0.036","8","1","8","0","0.18","5.979"
"240","other","Erdos-Renyi (random)","10001","2000","6","0.07","5","5","1","10000","0.036","8","1","8","0","0.18","5.979"
"239","other","Erdos-Renyi (random)","10001","2000","6","0.07","5","5","1","10000","0.036","8","1","8","0","0.18","5.979"
"241","other","Erdos-Renyi (random)","10001","2000","6","0.07","5","5","1","10000","0.038","28","1","28","0","0.19","5.979"
"242","other","Erdos-Renyi (random)","10001","2000","6","0.07","5","5","1","10000","0.038","28","1","28","0","0.19","5.979"
"243","other","Erdos-Renyi (random)","10001","2000","6","0.07","5","5","1","10000","0.038","28","1","28","0","0.19","5.979"
"244","other","Erdos-Renyi (random)","10001","2000","6","0.07","5","5","1","10000","0.038","28","1","28","0","0.19","5.979"
"245","other","Erdos-Renyi (random)","10001","2000","6","0.07","5","5","1","10000","0.038","28","1","28","0","0.19","5.979"
"246","other","Erdos-Renyi (random)","10001","2000","6","0.07","5","5","1","10000","0.038","28","1","28","0","0.19","5.979"
"247","other","Erdos-Renyi (random)","10001","2000","6","0.07","5","5","1","10000","0.038","28","1","28","0","0.19","5.979"
"248","other","Erdos-Renyi (random)","10001","2000","6","0.07","5","5","1","10000","0.038","28","1","28","0","0.19","5.979"
"249","other","Erdos-Renyi (random)","10001","2000","6","0.07","5","5","1","10000","0.038","28","1","28","0","0.19","5.979"
"250","other","Erdos-Renyi (random)","10001","2000","6","0.07","5","5","1","10000","0.038","28","1","28","0","0.19","5.979"
"251","other","Erdos-Renyi (random)","10001","2000","6","0.07","5","5","1","10000","0.038","28","1","28","0","0.19","5.979"
"252","other","Erdos-Renyi (random)","10001","2000","6","0.07","5","5","1","10000","0.038","28","1","28","0","0.19","5.979"
"253","other","Erdos-Renyi (random)","10001","2000","6","0.07","5","5","1","10000","0.038","28","1","28","0","0.19","5.979"
"254","other","Erdos-Renyi (random)","10001","2000","6","0.07","5","5","1","10000","0.038","28","1","28","0","0.19","5.979"
"255","other","Erdos-Renyi (random)","10001","2000","6","0.07","5","5","1","10000","0.038","28","1","28","0","0.19","5.979"
"256","other","Erdos-Renyi (random)","10001","2000","6","0.07","5","5","1","10000","0.038","28","1","28","0","0.19","5.979"
"257","other","Erdos-Renyi (random)","10001","2000","6","0.07","5","5","1","10000","0.038","28","1","28","0","0.19","5.979"
"258","other","Erdos-Renyi (random)","10001","2000","6","0.07","5","5","1","10000","0.038","28","1","28","0","0.19","5.979"
"259","other","Erdos-Renyi (random)","10001","2000","6","0.07","5","5","1","10000","0.038","28","1","28","0","0.19","5.979"
"261","other","Erdos-Renyi (random)","10001","2000","6","0.07","5","5","1","10000","0.038","28","1","28","0","0.19","5.979"
"260","other","Erdos-Renyi (random)","10001","2000","6","0.07","5","5","1","10000","0.038","28","1","28","0","0.19","5.979"
"262","other","Erdos-Renyi (random)","10001","2000","6","0.07","5","5","1","10000","0.038","28","1","28","0","0.19","5.979"
"263","other","Erdos-Renyi (random)","10001","2000","6","0.07","5","5","1","10000","0.038","28","1","28","0","0.19","5.979"
"264","other","Erdos-Renyi (random)","10001","2000","6","0.07","5","5","1","10000","0.038","28","1","28","0","0.19","5.979"
"265","other","Erdos-Renyi (random)","10001","2000","6","0.07","5","5","1","10000","0.04","29","1","29","0","0.2","5.979"
"266","other","Erdos-Renyi (random)","10001","2000","6","0.07","5","5","1","10000","0.04","29","1","29","0","0.2","5.979"
"267","other","Erdos-Renyi (random)","10001","2000","6","0.07","5","5","1","10000","0.04","29","1","29","0","0.2","5.979"
"268","other","Erdos-Renyi (random)","10001","2000","6","0.07","5","5","1","10000","0.04","29","1","29","0","0.2","5.979"
"269","other","Erdos-Renyi (random)","10001","2000","6","0.07","5","5","1","10000","0.04","29","1","29","0","0.2","5.979"
"270","other","Erdos-Renyi (random)","10001","2000","6","0.07","5","5","1","10000","0.04","29","1","29","0","0.2","5.979"
"271","other","Erdos-Renyi (random)","10001","2000","6","0.07","5","5","1","10000","0.04","29","1","29","0","0.2","5.979"
"272","other","Erdos-Renyi (random)","10001","2000","6","0.07","5","5","1","10000","0.04","29","1","29","0","0.2","5.979"
"273","other","Erdos-Renyi (random)","10001","2000","6","0.07","5","5","1","10000","0.04","29","1","29","0","0.2","5.979"
"274","other","Erdos-Renyi (random)","10001","2000","6","0.07","5","5","1","10000","0.04","29","1","29","0","0.2","5.979"
"275","other","Erdos-Renyi (random)","10001","2000","6","0.07","5","5","1","10000","0.04","29","1","29","0","0.2","5.979"
"276","other","Erdos-Renyi (random)","10001","2000","6","0.07","5","5","1","10000","0.04","29","1","29","0","0.2","5.979"
"277","other","Erdos-Renyi (random)","10001","2000","6","0.07","5","5","1","10000","0.04","29","1","29","0","0.2","5.979"
"278","other","Erdos-Renyi (random)","10001","2000","6","0.07","5","5","1","10000","0.04","29","1","29","0","0.2","5.979"
"279","other","Erdos-Renyi (random)","10001","2000","6","0.07","5","5","1","10000","0.04","29","1","29","0","0.2","5.979"
"280","other","Erdos-Renyi (random)","10001","2000","6","0.07","5","5","1","10000","0.04","29","1","29","0","0.2","5.979"
"281","other","Erdos-Renyi (random)","10001","2000","6","0.07","5","5","1","10000","0.04","29","1","29","0","0.2","5.979"
"282","other","Erdos-Renyi (random)","10001","2000","6","0.07","5","5","1","10000","0.04","29","1","29","0","0.2","5.979"
"283","other","Erdos-Renyi (random)","10001","2000","6","0.07","5","5","1","10000","0.04","29","1","29","0","0.2","5.979"
"285","other","Erdos-Renyi (random)","10001","2000","6","0.07","5","5","1","10000","0.04","29","1","29","0","0.2","5.979"
"286","other","Erdos-Renyi (random)","10001","2000","6","0.07","5","5","1","10000","0.04","29","1","29","0","0.2","5.979"
"284","other","Erdos-Renyi (random)","10001","2000","6","0.07","5","5","1","10000","0.04","29","1","29","0","0.2","5.979"
"287","other","Erdos-Renyi (random)","10001","2000","6","0.07","5","5","1","10000","0.04","29","1","29","0","0.2","5.979"
"288","other","Erdos-Renyi (random)","10001","2000","6","0.07","5","5","1","10000","0.04","29","1","29","0","0.2","5.979"
"289","other","Erdos-Renyi (random)","10001","2000","6","0.07","5","5","1","10000","0.042","16","1","16","0","0.21000000000000002","5.979"
"291","other","Erdos-Renyi (random)","10001","2000","6","0.07","5","5","1","10000","0.042","16","1","16","0","0.21000000000000002","5.979"
"290","other","Erdos-Renyi (random)","10001","2000","6","0.07","5","5","1","10000","0.042","16","1","16","0","0.21000000000000002","5.979"
"292","other","Erdos-Renyi (random)","10001","2000","6","0.07","5","5","1","10000","0.042","16","1","16","0","0.21000000000000002","5.979"
"293","other","Erdos-Renyi (random)","10001","2000","6","0.07","5","5","1","10000","0.042","16","1","16","0","0.21000000000000002","5.979"
"294","other","Erdos-Renyi (random)","10001","2000","6","0.07","5","5","1","10000","0.042","16","1","16","0","0.21000000000000002","5.979"
"295","other","Erdos-Renyi (random)","10001","2000","6","0.07","5","5","1","10000","0.042","16","1","16","0","0.21000000000000002","5.979"
"297","other","Erdos-Renyi (random)","10001","2000","6","0.07","5","5","1","10000","0.042","16","1","16","0","0.21000000000000002","5.979"
"296","other","Erdos-Renyi (random)","10001","2000","6","0.07","5","5","1","10000","0.042","16","1","16","0","0.21000000000000002","5.979"
"298","other","Erdos-Renyi (random)","10001","2000","6","0.07","5","5","1","10000","0.042","16","1","16","0","0.21000000000000002","5.979"
"299","other","Erdos-Renyi (random)","10001","2000","6","0.07","5","5","1","10000","0.042","16","1","16","0","0.21000000000000002","5.979"
"300","other","Erdos-Renyi (random)","10001","2000","6","0.07","5","5","1","10000","0.042","16","1","16","0","0.21000000000000002","5.979"
"301","other","Erdos-Renyi (random)","10001","2000","6","0.07","5","5","1","10000","0.042","16","1","16","0","0.21000000000000002","5.979"
"302","other","Erdos-Renyi (random)","10001","2000","6","0.07","5","5","1","10000","0.042","16","1","16","0","0.21000000000000002","5.979"
"303","other","Erdos-Renyi (random)","10001","2000","6","0.07","5","5","1","10000","0.042","16","1","16","0","0.21000000000000002","5.979"
"304","other","Erdos-Renyi (random)","10001","2000","6","0.07","5","5","1","10000","0.042","16","1","16","0","0.21000000000000002","5.979"
"305","other","Erdos-Renyi (random)","10001","2000","6","0.07","5","5","1","10000","0.042","16","1","16","0","0.21000000000000002","5.979"
"306","other","Erdos-Renyi (random)","10001","2000","6","0.07","5","5","1","10000","0.042","16","1","16","0","0.21000000000000002","5.979"
"307","other","Erdos-Renyi (random)","10001","2000","6","0.07","5","5","1","10000","0.042","16","1","16","0","0.21000000000000002","5.979"
"308","other","Erdos-Renyi (random)","10001","2000","6","0.07","5","5","1","10000","0.042","16","1","16","0","0.21000000000000002","5.979"
"309","other","Erdos-Renyi (random)","10001","2000","6","0.07","5","5","1","10000","0.042","16","1","16","0","0.21000000000000002","5.979"
"311","other","Erdos-Renyi (random)","10001","2000","6","0.07","5","5","1","10000","0.042","16","1","16","0","0.21000000000000002","5.979"
"310","other","Erdos-Renyi (random)","10001","2000","6","0.07","5","5","1","10000","0.042","16","1","16","0","0.21000000000000002","5.979"
"312","other","Erdos-Renyi (random)","10001","2000","6","0.07","5","5","1","10000","0.042","16","1","16","0","0.21000000000000002","5.979"
"313","other","Erdos-Renyi (random)","10001","2000","6","0.07","5","5","1","10000","0.044","16","1","16","0","0.21999999999999997","5.979"
"314","other","Erdos-Renyi (random)","10001","2000","6","0.07","5","5","1","10000","0.044","16","1","16","0","0.21999999999999997","5.979"
"315","other","Erdos-Renyi (random)","10001","2000","6","0.07","5","5","1","10000","0.044","16","1","16","0","0.21999999999999997","5.979"
"317","other","Erdos-Renyi (random)","10001","2000","6","0.07","5","5","1","10000","0.044","16","1","16","0","0.21999999999999997","5.979"
"316","other","Erdos-Renyi (random)","10001","2000","6","0.07","5","5","1","10000","0.044","16","1","16","0","0.21999999999999997","5.979"
"318","other","Erdos-Renyi (random)","10001","2000","6","0.07","5","5","1","10000","0.044","16","1","16","0","0.21999999999999997","5.979"
"319","other","Erdos-Renyi (random)","10001","2000","6","0.07","5","5","1","10000","0.044","16","1","16","0","0.21999999999999997","5.979"
"321","other","Erdos-Renyi (random)","10001","2000","6","0.07","5","5","1","10000","0.044","16","1","16","0","0.21999999999999997","5.979"
"320","other","Erdos-Renyi (random)","10001","2000","6","0.07","5","5","1","10000","0.044","16","1","16","0","0.21999999999999997","5.979"
"323","other","Erdos-Renyi (random)","10001","2000","6","0.07","5","5","1","10000","0.044","16","1","16","0","0.21999999999999997","5.979"
"322","other","Erdos-Renyi (random)","10001","2000","6","0.07","5","5","1","10000","0.044","16","1","16","0","0.21999999999999997","5.979"
"324","other","Erdos-Renyi (random)","10001","2000","6","0.07","5","5","1","10000","0.044","16","1","16","0","0.21999999999999997","5.979"
"325","other","Erdos-Renyi (random)","10001","2000","6","0.07","5","5","1","10000","0.044","16","1","16","0","0.21999999999999997","5.979"
"326","other","Erdos-Renyi (random)","10001","2000","6","0.07","5","5","1","10000","0.044","16","1","16","0","0.21999999999999997","5.979"
"327","other","Erdos-Renyi (random)","10001","2000","6","0.07","5","5","1","10000","0.044","16","1","16","0","0.21999999999999997","5.979"
"329","other","Erdos-Renyi (random)","10001","2000","6","0.07","5","5","1","10000","0.044","16","1","16","0","0.21999999999999997","5.979"
"328","other","Erdos-Renyi (random)","10001","2000","6","0.07","5","5","1","10000","0.044","16","1","16","0","0.21999999999999997","5.979"
"330","other","Erdos-Renyi (random)","10001","2000","6","0.07","5","5","1","10000","0.044","16","1","16","0","0.21999999999999997","5.979"
"331","other","Erdos-Renyi (random)","10001","2000","6","0.07","5","5","1","10000","0.044","16","1","16","0","0.21999999999999997","5.979"
"332","other","Erdos-Renyi (random)","10001","2000","6","0.07","5","5","1","10000","0.044","16","1","16","0","0.21999999999999997","5.979"
"333","other","Erdos-Renyi (random)","10001","2000","6","0.07","5","5","1","10000","0.044","16","1","16","0","0.21999999999999997","5.979"
"334","other","Erdos-Renyi (random)","10001","2000","6","0.07","5","5","1","10000","0.044","16","1","16","0","0.21999999999999997","5.979"
"335","other","Erdos-Renyi (random)","10001","2000","6","0.07","5","5","1","10000","0.044","16","1","16","0","0.21999999999999997","5.979"
"336","other","Erdos-Renyi (random)","10001","2000","6","0.07","5","5","1","10000","0.044","16","1","16","0","0.21999999999999997","5.979"
"337","other","Erdos-Renyi (random)","10001","2000","6","0.07","5","5","1","10000","0.046","16","1","16","0","0.22999999999999998","5.979"
"338","other","Erdos-Renyi (random)","10001","2000","6","0.07","5","5","1","10000","0.046","16","1","16","0","0.22999999999999998","5.979"
"339","other","Erdos-Renyi (random)","10001","2000","6","0.07","5","5","1","10000","0.046","16","1","16","0","0.22999999999999998","5.979"
"341","other","Erdos-Renyi (random)","10001","2000","6","0.07","5","5","1","10000","0.046","16","1","16","0","0.22999999999999998","5.979"
"340","other","Erdos-Renyi (random)","10001","2000","6","0.07","5","5","1","10000","0.046","16","1","16","0","0.22999999999999998","5.979"
"342","other","Erdos-Renyi (random)","10001","2000","6","0.07","5","5","1","10000","0.046","16","1","16","0","0.22999999999999998","5.979"
"343","other","Erdos-Renyi (random)","10001","2000","6","0.07","5","5","1","10000","0.046","16","1","16","0","0.22999999999999998","5.979"
"344","other","Erdos-Renyi (random)","10001","2000","6","0.07","5","5","1","10000","0.046","16","1","16","0","0.22999999999999998","5.979"
"346","other","Erdos-Renyi (random)","10001","2000","6","0.07","5","5","1","10000","0.046","16","1","16","0","0.22999999999999998","5.979"
"345","other","Erdos-Renyi (random)","10001","2000","6","0.07","5","5","1","10000","0.046","16","1","16","0","0.22999999999999998","5.979"
"347","other","Erdos-Renyi (random)","10001","2000","6","0.07","5","5","1","10000","0.046","16","1","16","0","0.22999999999999998","5.979"
"348","other","Erdos-Renyi (random)","10001","2000","6","0.07","5","5","1","10000","0.046","16","1","16","0","0.22999999999999998","5.979"
"349","other","Erdos-Renyi (random)","10001","2000","6","0.07","5","5","1","10000","0.046","16","1","16","0","0.22999999999999998","5.979"
"350","other","Erdos-Renyi (random)","10001","2000","6","0.07","5","5","1","10000","0.046","16","1","16","0","0.22999999999999998","5.979"
"351","other","Erdos-Renyi (random)","10001","2000","6","0.07","5","5","1","10000","0.046","16","1","16","0","0.22999999999999998","5.979"
"353","other","Erdos-Renyi (random)","10001","2000","6","0.07","5","5","1","10000","0.046","16","1","16","0","0.22999999999999998","5.979"
"352","other","Erdos-Renyi (random)","10001","2000","6","0.07","5","5","1","10000","0.046","16","1","16","0","0.22999999999999998","5.979"
"354","other","Erdos-Renyi (random)","10001","2000","6","0.07","5","5","1","10000","0.046","16","1","16","0","0.22999999999999998","5.979"
"356","other","Erdos-Renyi (random)","10001","2000","6","0.07","5","5","1","10000","0.046","16","1","16","0","0.22999999999999998","5.979"
"355","other","Erdos-Renyi (random)","10001","2000","6","0.07","5","5","1","10000","0.046","16","1","16","0","0.22999999999999998","5.979"
"357","other","Erdos-Renyi (random)","10001","2000","6","0.07","5","5","1","10000","0.046","16","1","16","0","0.22999999999999998","5.979"
"358","other","Erdos-Renyi (random)","10001","2000","6","0.07","5","5","1","10000","0.046","16","1","16","0","0.22999999999999998","5.979"
"359","other","Erdos-Renyi (random)","10001","2000","6","0.07","5","5","1","10000","0.046","16","1","16","0","0.22999999999999998","5.979"
"360","other","Erdos-Renyi (random)","10001","2000","6","0.07","5","5","1","10000","0.046","16","1","16","0","0.22999999999999998","5.979"
"361","other","Erdos-Renyi (random)","10001","2000","6","0.07","5","5","1","10000","0.048","23","1","23","0","0.24","5.979"
"362","other","Erdos-Renyi (random)","10001","2000","6","0.07","5","5","1","10000","0.048","23","1","23","0","0.24","5.979"
"363","other","Erdos-Renyi (random)","10001","2000","6","0.07","5","5","1","10000","0.048","23","1","23","0","0.24","5.979"
"364","other","Erdos-Renyi (random)","10001","2000","6","0.07","5","5","1","10000","0.048","23","1","23","0","0.24","5.979"
"365","other","Erdos-Renyi (random)","10001","2000","6","0.07","5","5","1","10000","0.048","23","1","23","0","0.24","5.979"
"366","other","Erdos-Renyi (random)","10001","2000","6","0.07","5","5","1","10000","0.048","23","1","23","0","0.24","5.979"
"367","other","Erdos-Renyi (random)","10001","2000","6","0.07","5","5","1","10000","0.048","23","1","23","0","0.24","5.979"
"368","other","Erdos-Renyi (random)","10001","2000","6","0.07","5","5","1","10000","0.048","23","1","23","0","0.24","5.979"
"369","other","Erdos-Renyi (random)","10001","2000","6","0.07","5","5","1","10000","0.048","23","1","23","0","0.24","5.979"
"370","other","Erdos-Renyi (random)","10001","2000","6","0.07","5","5","1","10000","0.048","23","1","23","0","0.24","5.979"
"371","other","Erdos-Renyi (random)","10001","2000","6","0.07","5","5","1","10000","0.048","23","1","23","0","0.24","5.979"
"372","other","Erdos-Renyi (random)","10001","2000","6","0.07","5","5","1","10000","0.048","23","1","23","0","0.24","5.979"
"373","other","Erdos-Renyi (random)","10001","2000","6","0.07","5","5","1","10000","0.048","23","1","23","0","0.24","5.979"
"374","other","Erdos-Renyi (random)","10001","2000","6","0.07","5","5","1","10000","0.048","23","1","23","0","0.24","5.979"
"376","other","Erdos-Renyi (random)","10001","2000","6","0.07","5","5","1","10000","0.048","23","1","23","0","0.24","5.979"
"375","other","Erdos-Renyi (random)","10001","2000","6","0.07","5","5","1","10000","0.048","23","1","23","0","0.24","5.979"
"377","other","Erdos-Renyi (random)","10001","2000","6","0.07","5","5","1","10000","0.048","23","1","23","0","0.24","5.979"
"378","other","Erdos-Renyi (random)","10001","2000","6","0.07","5","5","1","10000","0.048","23","1","23","0","0.24","5.979"
"379","other","Erdos-Renyi (random)","10001","2000","6","0.07","5","5","1","10000","0.048","23","1","23","0","0.24","5.979"
"380","other","Erdos-Renyi (random)","10001","2000","6","0.07","5","5","1","10000","0.048","23","1","23","0","0.24","5.979"
"381","other","Erdos-Renyi (random)","10001","2000","6","0.07","5","5","1","10000","0.048","23","1","23","0","0.24","5.979"
"382","other","Erdos-Renyi (random)","10001","2000","6","0.07","5","5","1","10000","0.048","23","1","23","0","0.24","5.979"
"383","other","Erdos-Renyi (random)","10001","2000","6","0.07","5","5","1","10000","0.048","23","1","23","0","0.24","5.979"
"384","other","Erdos-Renyi (random)","10001","2000","6","0.07","5","5","1","10000","0.048","23","1","23","0","0.24","5.979"
"385","other","Erdos-Renyi (random)","10002","2000","6","0.07","5","5","1","10000","0.018","8","1","8","0","0.09","6.083"
"386","other","Erdos-Renyi (random)","10002","2000","6","0.07","5","5","1","10000","0.018","8","1","8","0","0.09","6.083"
"388","other","Erdos-Renyi (random)","10002","2000","6","0.07","5","5","1","10000","0.018","8","1","8","0","0.09","6.083"
"387","other","Erdos-Renyi (random)","10002","2000","6","0.07","5","5","1","10000","0.018","8","1","8","0","0.09","6.083"
"389","other","Erdos-Renyi (random)","10002","2000","6","0.07","5","5","1","10000","0.018","8","1","8","0","0.09","6.083"
"391","other","Erdos-Renyi (random)","10002","2000","6","0.07","5","5","1","10000","0.018","8","1","8","0","0.09","6.083"
"390","other","Erdos-Renyi (random)","10002","2000","6","0.07","5","5","1","10000","0.018","8","1","8","0","0.09","6.083"
"392","other","Erdos-Renyi (random)","10002","2000","6","0.07","5","5","1","10000","0.018","8","1","8","0","0.09","6.083"
"393","other","Erdos-Renyi (random)","10002","2000","6","0.07","5","5","1","10000","0.018","8","1","8","0","0.09","6.083"
"394","other","Erdos-Renyi (random)","10002","2000","6","0.07","5","5","1","10000","0.018","8","1","8","0","0.09","6.083"
"395","other","Erdos-Renyi (random)","10002","2000","6","0.07","5","5","1","10000","0.018","8","1","8","0","0.09","6.083"
"397","other","Erdos-Renyi (random)","10002","2000","6","0.07","5","5","1","10000","0.018","8","1","8","0","0.09","6.083"
"396","other","Erdos-Renyi (random)","10002","2000","6","0.07","5","5","1","10000","0.018","8","1","8","0","0.09","6.083"
"399","other","Erdos-Renyi (random)","10002","2000","6","0.07","5","5","1","10000","0.018","8","1","8","0","0.09","6.083"
"398","other","Erdos-Renyi (random)","10002","2000","6","0.07","5","5","1","10000","0.018","8","1","8","0","0.09","6.083"
"400","other","Erdos-Renyi (random)","10002","2000","6","0.07","5","5","1","10000","0.018","8","1","8","0","0.09","6.083"
"401","other","Erdos-Renyi (random)","10002","2000","6","0.07","5","5","1","10000","0.018","8","1","8","0","0.09","6.083"
"402","other","Erdos-Renyi (random)","10002","2000","6","0.07","5","5","1","10000","0.018","8","1","8","0","0.09","6.083"
"403","other","Erdos-Renyi (random)","10002","2000","6","0.07","5","5","1","10000","0.018","8","1","8","0","0.09","6.083"
"404","other","Erdos-Renyi (random)","10002","2000","6","0.07","5","5","1","10000","0.018","8","1","8","0","0.09","6.083"
"405","other","Erdos-Renyi (random)","10002","2000","6","0.07","5","5","1","10000","0.018","8","1","8","0","0.09","6.083"
"406","other","Erdos-Renyi (random)","10002","2000","6","0.07","5","5","1","10000","0.018","8","1","8","0","0.09","6.083"
"407","other","Erdos-Renyi (random)","10002","2000","6","0.07","5","5","1","10000","0.018","8","1","8","0","0.09","6.083"
"409","other","Erdos-Renyi (random)","10002","2000","6","0.07","5","5","1","10000","0.02","8","1","8","0","0.1","6.083"
"408","other","Erdos-Renyi (random)","10002","2000","6","0.07","5","5","1","10000","0.018","8","1","8","0","0.09","6.083"
"410","other","Erdos-Renyi (random)","10002","2000","6","0.07","5","5","1","10000","0.02","8","1","8","0","0.1","6.083"
"412","other","Erdos-Renyi (random)","10002","2000","6","0.07","5","5","1","10000","0.02","8","1","8","0","0.1","6.083"
"411","other","Erdos-Renyi (random)","10002","2000","6","0.07","5","5","1","10000","0.02","8","1","8","0","0.1","6.083"
"413","other","Erdos-Renyi (random)","10002","2000","6","0.07","5","5","1","10000","0.02","8","1","8","0","0.1","6.083"
"415","other","Erdos-Renyi (random)","10002","2000","6","0.07","5","5","1","10000","0.02","8","1","8","0","0.1","6.083"
"414","other","Erdos-Renyi (random)","10002","2000","6","0.07","5","5","1","10000","0.02","8","1","8","0","0.1","6.083"
"416","other","Erdos-Renyi (random)","10002","2000","6","0.07","5","5","1","10000","0.02","8","1","8","0","0.1","6.083"
"417","other","Erdos-Renyi (random)","10002","2000","6","0.07","5","5","1","10000","0.02","8","1","8","0","0.1","6.083"
"418","other","Erdos-Renyi (random)","10002","2000","6","0.07","5","5","1","10000","0.02","8","1","8","0","0.1","6.083"
"419","other","Erdos-Renyi (random)","10002","2000","6","0.07","5","5","1","10000","0.02","8","1","8","0","0.1","6.083"
"420","other","Erdos-Renyi (random)","10002","2000","6","0.07","5","5","1","10000","0.02","8","1","8","0","0.1","6.083"
"421","other","Erdos-Renyi (random)","10002","2000","6","0.07","5","5","1","10000","0.02","8","1","8","0","0.1","6.083"
"422","other","Erdos-Renyi (random)","10002","2000","6","0.07","5","5","1","10000","0.02","8","1","8","0","0.1","6.083"
"423","other","Erdos-Renyi (random)","10002","2000","6","0.07","5","5","1","10000","0.02","8","1","8","0","0.1","6.083"
"425","other","Erdos-Renyi (random)","10002","2000","6","0.07","5","5","1","10000","0.02","8","1","8","0","0.1","6.083"
"424","other","Erdos-Renyi (random)","10002","2000","6","0.07","5","5","1","10000","0.02","8","1","8","0","0.1","6.083"
"426","other","Erdos-Renyi (random)","10002","2000","6","0.07","5","5","1","10000","0.02","8","1","8","0","0.1","6.083"
"427","other","Erdos-Renyi (random)","10002","2000","6","0.07","5","5","1","10000","0.02","8","1","8","0","0.1","6.083"
"428","other","Erdos-Renyi (random)","10002","2000","6","0.07","5","5","1","10000","0.02","8","1","8","0","0.1","6.083"
"429","other","Erdos-Renyi (random)","10002","2000","6","0.07","5","5","1","10000","0.02","8","1","8","0","0.1","6.083"
"430","other","Erdos-Renyi (random)","10002","2000","6","0.07","5","5","1","10000","0.02","8","1","8","0","0.1","6.083"
"431","other","Erdos-Renyi (random)","10002","2000","6","0.07","5","5","1","10000","0.02","8","1","8","0","0.1","6.083"
"432","other","Erdos-Renyi (random)","10002","2000","6","0.07","5","5","1","10000","0.02","8","1","8","0","0.1","6.083"
"433","other","Erdos-Renyi (random)","10002","2000","6","0.07","5","5","1","10000","0.022","8","1","8","0","0.10999999999999999","6.083"
"434","other","Erdos-Renyi (random)","10002","2000","6","0.07","5","5","1","10000","0.022","8","1","8","0","0.10999999999999999","6.083"
"436","other","Erdos-Renyi (random)","10002","2000","6","0.07","5","5","1","10000","0.022","8","1","8","0","0.10999999999999999","6.083"
"435","other","Erdos-Renyi (random)","10002","2000","6","0.07","5","5","1","10000","0.022","8","1","8","0","0.10999999999999999","6.083"
"437","other","Erdos-Renyi (random)","10002","2000","6","0.07","5","5","1","10000","0.022","8","1","8","0","0.10999999999999999","6.083"
"439","other","Erdos-Renyi (random)","10002","2000","6","0.07","5","5","1","10000","0.022","8","1","8","0","0.10999999999999999","6.083"
"438","other","Erdos-Renyi (random)","10002","2000","6","0.07","5","5","1","10000","0.022","8","1","8","0","0.10999999999999999","6.083"
"440","other","Erdos-Renyi (random)","10002","2000","6","0.07","5","5","1","10000","0.022","8","1","8","0","0.10999999999999999","6.083"
"441","other","Erdos-Renyi (random)","10002","2000","6","0.07","5","5","1","10000","0.022","8","1","8","0","0.10999999999999999","6.083"
"442","other","Erdos-Renyi (random)","10002","2000","6","0.07","5","5","1","10000","0.022","8","1","8","0","0.10999999999999999","6.083"
"443","other","Erdos-Renyi (random)","10002","2000","6","0.07","5","5","1","10000","0.022","8","1","8","0","0.10999999999999999","6.083"
"444","other","Erdos-Renyi (random)","10002","2000","6","0.07","5","5","1","10000","0.022","8","1","8","0","0.10999999999999999","6.083"
"445","other","Erdos-Renyi (random)","10002","2000","6","0.07","5","5","1","10000","0.022","8","1","8","0","0.10999999999999999","6.083"
"446","other","Erdos-Renyi (random)","10002","2000","6","0.07","5","5","1","10000","0.022","8","1","8","0","0.10999999999999999","6.083"
"447","other","Erdos-Renyi (random)","10002","2000","6","0.07","5","5","1","10000","0.022","8","1","8","0","0.10999999999999999","6.083"
"448","other","Erdos-Renyi (random)","10002","2000","6","0.07","5","5","1","10000","0.022","8","1","8","0","0.10999999999999999","6.083"
"449","other","Erdos-Renyi (random)","10002","2000","6","0.07","5","5","1","10000","0.022","8","1","8","0","0.10999999999999999","6.083"
"451","other","Erdos-Renyi (random)","10002","2000","6","0.07","5","5","1","10000","0.022","8","1","8","0","0.10999999999999999","6.083"
"452","other","Erdos-Renyi (random)","10002","2000","6","0.07","5","5","1","10000","0.022","8","1","8","0","0.10999999999999999","6.083"
"450","other","Erdos-Renyi (random)","10002","2000","6","0.07","5","5","1","10000","0.022","8","1","8","0","0.10999999999999999","6.083"
"453","other","Erdos-Renyi (random)","10002","2000","6","0.07","5","5","1","10000","0.022","8","1","8","0","0.10999999999999999","6.083"
"454","other","Erdos-Renyi (random)","10002","2000","6","0.07","5","5","1","10000","0.022","8","1","8","0","0.10999999999999999","6.083"
"455","other","Erdos-Renyi (random)","10002","2000","6","0.07","5","5","1","10000","0.022","8","1","8","0","0.10999999999999999","6.083"
"458","other","Erdos-Renyi (random)","10002","2000","6","0.07","5","5","1","10000","0.024","8","1","8","0","0.12","6.083"
"457","other","Erdos-Renyi (random)","10002","2000","6","0.07","5","5","1","10000","0.024","8","1","8","0","0.12","6.083"
"456","other","Erdos-Renyi (random)","10002","2000","6","0.07","5","5","1","10000","0.022","8","1","8","0","0.10999999999999999","6.083"
"459","other","Erdos-Renyi (random)","10002","2000","6","0.07","5","5","1","10000","0.024","8","1","8","0","0.12","6.083"
"460","other","Erdos-Renyi (random)","10002","2000","6","0.07","5","5","1","10000","0.024","8","1","8","0","0.12","6.083"
"461","other","Erdos-Renyi (random)","10002","2000","6","0.07","5","5","1","10000","0.024","8","1","8","0","0.12","6.083"
"463","other","Erdos-Renyi (random)","10002","2000","6","0.07","5","5","1","10000","0.024","8","1","8","0","0.12","6.083"
"462","other","Erdos-Renyi (random)","10002","2000","6","0.07","5","5","1","10000","0.024","8","1","8","0","0.12","6.083"
"465","other","Erdos-Renyi (random)","10002","2000","6","0.07","5","5","1","10000","0.024","8","1","8","0","0.12","6.083"
"464","other","Erdos-Renyi (random)","10002","2000","6","0.07","5","5","1","10000","0.024","8","1","8","0","0.12","6.083"
"466","other","Erdos-Renyi (random)","10002","2000","6","0.07","5","5","1","10000","0.024","8","1","8","0","0.12","6.083"
"467","other","Erdos-Renyi (random)","10002","2000","6","0.07","5","5","1","10000","0.024","8","1","8","0","0.12","6.083"
"468","other","Erdos-Renyi (random)","10002","2000","6","0.07","5","5","1","10000","0.024","8","1","8","0","0.12","6.083"
"469","other","Erdos-Renyi (random)","10002","2000","6","0.07","5","5","1","10000","0.024","8","1","8","0","0.12","6.083"
"470","other","Erdos-Renyi (random)","10002","2000","6","0.07","5","5","1","10000","0.024","8","1","8","0","0.12","6.083"
"471","other","Erdos-Renyi (random)","10002","2000","6","0.07","5","5","1","10000","0.024","8","1","8","0","0.12","6.083"
"472","other","Erdos-Renyi (random)","10002","2000","6","0.07","5","5","1","10000","0.024","8","1","8","0","0.12","6.083"
"473","other","Erdos-Renyi (random)","10002","2000","6","0.07","5","5","1","10000","0.024","8","1","8","0","0.12","6.083"
"474","other","Erdos-Renyi (random)","10002","2000","6","0.07","5","5","1","10000","0.024","8","1","8","0","0.12","6.083"
"475","other","Erdos-Renyi (random)","10002","2000","6","0.07","5","5","1","10000","0.024","8","1","8","0","0.12","6.083"
"476","other","Erdos-Renyi (random)","10002","2000","6","0.07","5","5","1","10000","0.024","8","1","8","0","0.12","6.083"
"477","other","Erdos-Renyi (random)","10002","2000","6","0.07","5","5","1","10000","0.024","8","1","8","0","0.12","6.083"
"478","other","Erdos-Renyi (random)","10002","2000","6","0.07","5","5","1","10000","0.024","8","1","8","0","0.12","6.083"
"479","other","Erdos-Renyi (random)","10002","2000","6","0.07","5","5","1","10000","0.024","8","1","8","0","0.12","6.083"
"480","other","Erdos-Renyi (random)","10002","2000","6","0.07","5","5","1","10000","0.024","8","1","8","0","0.12","6.083"
"481","other","Erdos-Renyi (random)","10002","2000","6","0.07","5","5","1","10000","0.026","8","1","8","0","0.13","6.083"
"482","other","Erdos-Renyi (random)","10002","2000","6","0.07","5","5","1","10000","0.026","8","1","8","0","0.13","6.083"
"483","other","Erdos-Renyi (random)","10002","2000","6","0.07","5","5","1","10000","0.026","8","1","8","0","0.13","6.083"
"484","other","Erdos-Renyi (random)","10002","2000","6","0.07","5","5","1","10000","0.026","8","1","8","0","0.13","6.083"
"485","other","Erdos-Renyi (random)","10002","2000","6","0.07","5","5","1","10000","0.026","8","1","8","0","0.13","6.083"
"486","other","Erdos-Renyi (random)","10002","2000","6","0.07","5","5","1","10000","0.026","8","1","8","0","0.13","6.083"
"487","other","Erdos-Renyi (random)","10002","2000","6","0.07","5","5","1","10000","0.026","8","1","8","0","0.13","6.083"
"488","other","Erdos-Renyi (random)","10002","2000","6","0.07","5","5","1","10000","0.026","8","1","8","0","0.13","6.083"
"489","other","Erdos-Renyi (random)","10002","2000","6","0.07","5","5","1","10000","0.026","8","1","8","0","0.13","6.083"
"490","other","Erdos-Renyi (random)","10002","2000","6","0.07","5","5","1","10000","0.026","8","1","8","0","0.13","6.083"
"491","other","Erdos-Renyi (random)","10002","2000","6","0.07","5","5","1","10000","0.026","8","1","8","0","0.13","6.083"
"492","other","Erdos-Renyi (random)","10002","2000","6","0.07","5","5","1","10000","0.026","8","1","8","0","0.13","6.083"
"493","other","Erdos-Renyi (random)","10002","2000","6","0.07","5","5","1","10000","0.026","8","1","8","0","0.13","6.083"
"495","other","Erdos-Renyi (random)","10002","2000","6","0.07","5","5","1","10000","0.026","8","1","8","0","0.13","6.083"
"494","other","Erdos-Renyi (random)","10002","2000","6","0.07","5","5","1","10000","0.026","8","1","8","0","0.13","6.083"
"496","other","Erdos-Renyi (random)","10002","2000","6","0.07","5","5","1","10000","0.026","8","1","8","0","0.13","6.083"
"497","other","Erdos-Renyi (random)","10002","2000","6","0.07","5","5","1","10000","0.026","8","1","8","0","0.13","6.083"
"498","other","Erdos-Renyi (random)","10002","2000","6","0.07","5","5","1","10000","0.026","8","1","8","0","0.13","6.083"
"499","other","Erdos-Renyi (random)","10002","2000","6","0.07","5","5","1","10000","0.026","8","1","8","0","0.13","6.083"
"501","other","Erdos-Renyi (random)","10002","2000","6","0.07","5","5","1","10000","0.026","8","1","8","0","0.13","6.083"
"500","other","Erdos-Renyi (random)","10002","2000","6","0.07","5","5","1","10000","0.026","8","1","8","0","0.13","6.083"
"502","other","Erdos-Renyi (random)","10002","2000","6","0.07","5","5","1","10000","0.026","8","1","8","0","0.13","6.083"
"503","other","Erdos-Renyi (random)","10002","2000","6","0.07","5","5","1","10000","0.026","8","1","8","0","0.13","6.083"
"504","other","Erdos-Renyi (random)","10002","2000","6","0.07","5","5","1","10000","0.026","8","1","8","0","0.13","6.083"
"505","other","Erdos-Renyi (random)","10002","2000","6","0.07","5","5","1","10000","0.028","41","1","41","0","0.14","6.083"
"506","other","Erdos-Renyi (random)","10002","2000","6","0.07","5","5","1","10000","0.028","41","1","41","0","0.14","6.083"
"507","other","Erdos-Renyi (random)","10002","2000","6","0.07","5","5","1","10000","0.028","41","1","41","0","0.14","6.083"
"508","other","Erdos-Renyi (random)","10002","2000","6","0.07","5","5","1","10000","0.028","41","1","41","0","0.14","6.083"
"509","other","Erdos-Renyi (random)","10002","2000","6","0.07","5","5","1","10000","0.028","41","1","41","0","0.14","6.083"
"510","other","Erdos-Renyi (random)","10002","2000","6","0.07","5","5","1","10000","0.028","41","1","41","0","0.14","6.083"
"511","other","Erdos-Renyi (random)","10002","2000","6","0.07","5","5","1","10000","0.028","41","1","41","0","0.14","6.083"
"512","other","Erdos-Renyi (random)","10002","2000","6","0.07","5","5","1","10000","0.028","41","1","41","0","0.14","6.083"
"513","other","Erdos-Renyi (random)","10002","2000","6","0.07","5","5","1","10000","0.028","41","1","41","0","0.14","6.083"
"514","other","Erdos-Renyi (random)","10002","2000","6","0.07","5","5","1","10000","0.028","41","1","41","0","0.14","6.083"
"515","other","Erdos-Renyi (random)","10002","2000","6","0.07","5","5","1","10000","0.028","41","1","41","0","0.14","6.083"
"516","other","Erdos-Renyi (random)","10002","2000","6","0.07","5","5","1","10000","0.028","41","1","41","0","0.14","6.083"
"517","other","Erdos-Renyi (random)","10002","2000","6","0.07","5","5","1","10000","0.028","41","1","41","0","0.14","6.083"
"518","other","Erdos-Renyi (random)","10002","2000","6","0.07","5","5","1","10000","0.028","41","1","41","0","0.14","6.083"
"519","other","Erdos-Renyi (random)","10002","2000","6","0.07","5","5","1","10000","0.028","41","1","41","0","0.14","6.083"
"520","other","Erdos-Renyi (random)","10002","2000","6","0.07","5","5","1","10000","0.028","41","1","41","0","0.14","6.083"
"521","other","Erdos-Renyi (random)","10002","2000","6","0.07","5","5","1","10000","0.028","41","1","41","0","0.14","6.083"
"522","other","Erdos-Renyi (random)","10002","2000","6","0.07","5","5","1","10000","0.028","41","1","41","0","0.14","6.083"
"523","other","Erdos-Renyi (random)","10002","2000","6","0.07","5","5","1","10000","0.028","41","1","41","0","0.14","6.083"
"525","other","Erdos-Renyi (random)","10002","2000","6","0.07","5","5","1","10000","0.028","41","1","41","0","0.14","6.083"
"524","other","Erdos-Renyi (random)","10002","2000","6","0.07","5","5","1","10000","0.028","41","1","41","0","0.14","6.083"
"526","other","Erdos-Renyi (random)","10002","2000","6","0.07","5","5","1","10000","0.028","41","1","41","0","0.14","6.083"
"527","other","Erdos-Renyi (random)","10002","2000","6","0.07","5","5","1","10000","0.028","41","1","41","0","0.14","6.083"
"528","other","Erdos-Renyi (random)","10002","2000","6","0.07","5","5","1","10000","0.028","41","1","41","0","0.14","6.083"
"531","other","Erdos-Renyi (random)","10002","2000","6","0.07","5","5","1","10000","0.03","41","1","41","0","0.15","6.083"
"529","other","Erdos-Renyi (random)","10002","2000","6","0.07","5","5","1","10000","0.03","41","1","41","0","0.15","6.083"
"530","other","Erdos-Renyi (random)","10002","2000","6","0.07","5","5","1","10000","0.03","41","1","41","0","0.15","6.083"
"532","other","Erdos-Renyi (random)","10002","2000","6","0.07","5","5","1","10000","0.03","41","1","41","0","0.15","6.083"
"533","other","Erdos-Renyi (random)","10002","2000","6","0.07","5","5","1","10000","0.03","41","1","41","0","0.15","6.083"
"534","other","Erdos-Renyi (random)","10002","2000","6","0.07","5","5","1","10000","0.03","41","1","41","0","0.15","6.083"
"535","other","Erdos-Renyi (random)","10002","2000","6","0.07","5","5","1","10000","0.03","41","1","41","0","0.15","6.083"
"536","other","Erdos-Renyi (random)","10002","2000","6","0.07","5","5","1","10000","0.03","41","1","41","0","0.15","6.083"
"537","other","Erdos-Renyi (random)","10002","2000","6","0.07","5","5","1","10000","0.03","41","1","41","0","0.15","6.083"
"538","other","Erdos-Renyi (random)","10002","2000","6","0.07","5","5","1","10000","0.03","41","1","41","0","0.15","6.083"
"539","other","Erdos-Renyi (random)","10002","2000","6","0.07","5","5","1","10000","0.03","41","1","41","0","0.15","6.083"
"540","other","Erdos-Renyi (random)","10002","2000","6","0.07","5","5","1","10000","0.03","41","1","41","0","0.15","6.083"
"541","other","Erdos-Renyi (random)","10002","2000","6","0.07","5","5","1","10000","0.03","41","1","41","0","0.15","6.083"
"543","other","Erdos-Renyi (random)","10002","2000","6","0.07","5","5","1","10000","0.03","41","1","41","0","0.15","6.083"
"542","other","Erdos-Renyi (random)","10002","2000","6","0.07","5","5","1","10000","0.03","41","1","41","0","0.15","6.083"
"544","other","Erdos-Renyi (random)","10002","2000","6","0.07","5","5","1","10000","0.03","41","1","41","0","0.15","6.083"
"545","other","Erdos-Renyi (random)","10002","2000","6","0.07","5","5","1","10000","0.03","41","1","41","0","0.15","6.083"
"546","other","Erdos-Renyi (random)","10002","2000","6","0.07","5","5","1","10000","0.03","41","1","41","0","0.15","6.083"
"547","other","Erdos-Renyi (random)","10002","2000","6","0.07","5","5","1","10000","0.03","41","1","41","0","0.15","6.083"
"548","other","Erdos-Renyi (random)","10002","2000","6","0.07","5","5","1","10000","0.03","41","1","41","0","0.15","6.083"
"549","other","Erdos-Renyi (random)","10002","2000","6","0.07","5","5","1","10000","0.03","41","1","41","0","0.15","6.083"
"550","other","Erdos-Renyi (random)","10002","2000","6","0.07","5","5","1","10000","0.03","41","1","41","0","0.15","6.083"
"551","other","Erdos-Renyi (random)","10002","2000","6","0.07","5","5","1","10000","0.03","41","1","41","0","0.15","6.083"
"552","other","Erdos-Renyi (random)","10002","2000","6","0.07","5","5","1","10000","0.03","41","1","41","0","0.15","6.083"
"553","other","Erdos-Renyi (random)","10002","2000","6","0.07","5","5","1","10000","0.032","10","1","10","0","0.16","6.083"
"555","other","Erdos-Renyi (random)","10002","2000","6","0.07","5","5","1","10000","0.032","10","1","10","0","0.16","6.083"
"554","other","Erdos-Renyi (random)","10002","2000","6","0.07","5","5","1","10000","0.032","10","1","10","0","0.16","6.083"
"556","other","Erdos-Renyi (random)","10002","2000","6","0.07","5","5","1","10000","0.032","10","1","10","0","0.16","6.083"
"557","other","Erdos-Renyi (random)","10002","2000","6","0.07","5","5","1","10000","0.032","10","1","10","0","0.16","6.083"
"558","other","Erdos-Renyi (random)","10002","2000","6","0.07","5","5","1","10000","0.032","10","1","10","0","0.16","6.083"
"559","other","Erdos-Renyi (random)","10002","2000","6","0.07","5","5","1","10000","0.032","10","1","10","0","0.16","6.083"
"561","other","Erdos-Renyi (random)","10002","2000","6","0.07","5","5","1","10000","0.032","10","1","10","0","0.16","6.083"
"560","other","Erdos-Renyi (random)","10002","2000","6","0.07","5","5","1","10000","0.032","10","1","10","0","0.16","6.083"
"562","other","Erdos-Renyi (random)","10002","2000","6","0.07","5","5","1","10000","0.032","10","1","10","0","0.16","6.083"
"563","other","Erdos-Renyi (random)","10002","2000","6","0.07","5","5","1","10000","0.032","10","1","10","0","0.16","6.083"
"564","other","Erdos-Renyi (random)","10002","2000","6","0.07","5","5","1","10000","0.032","10","1","10","0","0.16","6.083"
"565","other","Erdos-Renyi (random)","10002","2000","6","0.07","5","5","1","10000","0.032","10","1","10","0","0.16","6.083"
"567","other","Erdos-Renyi (random)","10002","2000","6","0.07","5","5","1","10000","0.032","10","1","10","0","0.16","6.083"
"566","other","Erdos-Renyi (random)","10002","2000","6","0.07","5","5","1","10000","0.032","10","1","10","0","0.16","6.083"
"569","other","Erdos-Renyi (random)","10002","2000","6","0.07","5","5","1","10000","0.032","10","1","10","0","0.16","6.083"
"568","other","Erdos-Renyi (random)","10002","2000","6","0.07","5","5","1","10000","0.032","10","1","10","0","0.16","6.083"
"570","other","Erdos-Renyi (random)","10002","2000","6","0.07","5","5","1","10000","0.032","10","1","10","0","0.16","6.083"
"571","other","Erdos-Renyi (random)","10002","2000","6","0.07","5","5","1","10000","0.032","10","1","10","0","0.16","6.083"
"572","other","Erdos-Renyi (random)","10002","2000","6","0.07","5","5","1","10000","0.032","10","1","10","0","0.16","6.083"
"574","other","Erdos-Renyi (random)","10002","2000","6","0.07","5","5","1","10000","0.032","10","1","10","0","0.16","6.083"
"573","other","Erdos-Renyi (random)","10002","2000","6","0.07","5","5","1","10000","0.032","10","1","10","0","0.16","6.083"
"575","other","Erdos-Renyi (random)","10002","2000","6","0.07","5","5","1","10000","0.032","10","1","10","0","0.16","6.083"
"576","other","Erdos-Renyi (random)","10002","2000","6","0.07","5","5","1","10000","0.032","10","1","10","0","0.16","6.083"
"577","other","Erdos-Renyi (random)","10002","2000","6","0.07","5","5","1","10000","0.034","10","1","10","0","0.17","6.083"
"578","other","Erdos-Renyi (random)","10002","2000","6","0.07","5","5","1","10000","0.034","10","1","10","0","0.17","6.083"
"579","other","Erdos-Renyi (random)","10002","2000","6","0.07","5","5","1","10000","0.034","10","1","10","0","0.17","6.083"
"582","other","Erdos-Renyi (random)","10002","2000","6","0.07","5","5","1","10000","0.034","10","1","10","0","0.17","6.083"
"580","other","Erdos-Renyi (random)","10002","2000","6","0.07","5","5","1","10000","0.034","10","1","10","0","0.17","6.083"
"581","other","Erdos-Renyi (random)","10002","2000","6","0.07","5","5","1","10000","0.034","10","1","10","0","0.17","6.083"
"585","other","Erdos-Renyi (random)","10002","2000","6","0.07","5","5","1","10000","0.034","10","1","10","0","0.17","6.083"
"583","other","Erdos-Renyi (random)","10002","2000","6","0.07","5","5","1","10000","0.034","10","1","10","0","0.17","6.083"
"584","other","Erdos-Renyi (random)","10002","2000","6","0.07","5","5","1","10000","0.034","10","1","10","0","0.17","6.083"
"586","other","Erdos-Renyi (random)","10002","2000","6","0.07","5","5","1","10000","0.034","10","1","10","0","0.17","6.083"
"588","other","Erdos-Renyi (random)","10002","2000","6","0.07","5","5","1","10000","0.034","10","1","10","0","0.17","6.083"
"587","other","Erdos-Renyi (random)","10002","2000","6","0.07","5","5","1","10000","0.034","10","1","10","0","0.17","6.083"
"589","other","Erdos-Renyi (random)","10002","2000","6","0.07","5","5","1","10000","0.034","10","1","10","0","0.17","6.083"
"590","other","Erdos-Renyi (random)","10002","2000","6","0.07","5","5","1","10000","0.034","10","1","10","0","0.17","6.083"
"591","other","Erdos-Renyi (random)","10002","2000","6","0.07","5","5","1","10000","0.034","10","1","10","0","0.17","6.083"
"593","other","Erdos-Renyi (random)","10002","2000","6","0.07","5","5","1","10000","0.034","10","1","10","0","0.17","6.083"
"594","other","Erdos-Renyi (random)","10002","2000","6","0.07","5","5","1","10000","0.034","10","1","10","0","0.17","6.083"
"592","other","Erdos-Renyi (random)","10002","2000","6","0.07","5","5","1","10000","0.034","10","1","10","0","0.17","6.083"
"595","other","Erdos-Renyi (random)","10002","2000","6","0.07","5","5","1","10000","0.034","10","1","10","0","0.17","6.083"
"597","other","Erdos-Renyi (random)","10002","2000","6","0.07","5","5","1","10000","0.034","10","1","10","0","0.17","6.083"
"596","other","Erdos-Renyi (random)","10002","2000","6","0.07","5","5","1","10000","0.034","10","1","10","0","0.17","6.083"
"600","other","Erdos-Renyi (random)","10002","2000","6","0.07","5","5","1","10000","0.034","10","1","10","0","0.17","6.083"
"598","other","Erdos-Renyi (random)","10002","2000","6","0.07","5","5","1","10000","0.034","10","1","10","0","0.17","6.083"
"599","other","Erdos-Renyi (random)","10002","2000","6","0.07","5","5","1","10000","0.034","10","1","10","0","0.17","6.083"
"601","other","Erdos-Renyi (random)","10002","2000","6","0.07","5","5","1","10000","0.036","10","1","10","0","0.18","6.083"
"602","other","Erdos-Renyi (random)","10002","2000","6","0.07","5","5","1","10000","0.036","10","1","10","0","0.18","6.083"
"603","other","Erdos-Renyi (random)","10002","2000","6","0.07","5","5","1","10000","0.036","10","1","10","0","0.18","6.083"
"604","other","Erdos-Renyi (random)","10002","2000","6","0.07","5","5","1","10000","0.036","10","1","10","0","0.18","6.083"
"605","other","Erdos-Renyi (random)","10002","2000","6","0.07","5","5","1","10000","0.036","10","1","10","0","0.18","6.083"
"606","other","Erdos-Renyi (random)","10002","2000","6","0.07","5","5","1","10000","0.036","10","1","10","0","0.18","6.083"
"608","other","Erdos-Renyi (random)","10002","2000","6","0.07","5","5","1","10000","0.036","10","1","10","0","0.18","6.083"
"607","other","Erdos-Renyi (random)","10002","2000","6","0.07","5","5","1","10000","0.036","10","1","10","0","0.18","6.083"
"609","other","Erdos-Renyi (random)","10002","2000","6","0.07","5","5","1","10000","0.036","10","1","10","0","0.18","6.083"
"610","other","Erdos-Renyi (random)","10002","2000","6","0.07","5","5","1","10000","0.036","10","1","10","0","0.18","6.083"
"611","other","Erdos-Renyi (random)","10002","2000","6","0.07","5","5","1","10000","0.036","10","1","10","0","0.18","6.083"
"612","other","Erdos-Renyi (random)","10002","2000","6","0.07","5","5","1","10000","0.036","10","1","10","0","0.18","6.083"
"613","other","Erdos-Renyi (random)","10002","2000","6","0.07","5","5","1","10000","0.036","10","1","10","0","0.18","6.083"
"614","other","Erdos-Renyi (random)","10002","2000","6","0.07","5","5","1","10000","0.036","10","1","10","0","0.18","6.083"
"615","other","Erdos-Renyi (random)","10002","2000","6","0.07","5","5","1","10000","0.036","10","1","10","0","0.18","6.083"
"616","other","Erdos-Renyi (random)","10002","2000","6","0.07","5","5","1","10000","0.036","10","1","10","0","0.18","6.083"
"617","other","Erdos-Renyi (random)","10002","2000","6","0.07","5","5","1","10000","0.036","10","1","10","0","0.18","6.083"
"618","other","Erdos-Renyi (random)","10002","2000","6","0.07","5","5","1","10000","0.036","10","1","10","0","0.18","6.083"
"620","other","Erdos-Renyi (random)","10002","2000","6","0.07","5","5","1","10000","0.036","10","1","10","0","0.18","6.083"
"619","other","Erdos-Renyi (random)","10002","2000","6","0.07","5","5","1","10000","0.036","10","1","10","0","0.18","6.083"
"621","other","Erdos-Renyi (random)","10002","2000","6","0.07","5","5","1","10000","0.036","10","1","10","0","0.18","6.083"
"622","other","Erdos-Renyi (random)","10002","2000","6","0.07","5","5","1","10000","0.036","10","1","10","0","0.18","6.083"
"624","other","Erdos-Renyi (random)","10002","2000","6","0.07","5","5","1","10000","0.036","10","1","10","0","0.18","6.083"
"623","other","Erdos-Renyi (random)","10002","2000","6","0.07","5","5","1","10000","0.036","10","1","10","0","0.18","6.083"
"625","other","Erdos-Renyi (random)","10002","2000","6","0.07","5","5","1","10000","0.038","11","1","11","0","0.19","6.083"
"626","other","Erdos-Renyi (random)","10002","2000","6","0.07","5","5","1","10000","0.038","11","1","11","0","0.19","6.083"
"628","other","Erdos-Renyi (random)","10002","2000","6","0.07","5","5","1","10000","0.038","11","1","11","0","0.19","6.083"
"627","other","Erdos-Renyi (random)","10002","2000","6","0.07","5","5","1","10000","0.038","11","1","11","0","0.19","6.083"
"629","other","Erdos-Renyi (random)","10002","2000","6","0.07","5","5","1","10000","0.038","11","1","11","0","0.19","6.083"
"630","other","Erdos-Renyi (random)","10002","2000","6","0.07","5","5","1","10000","0.038","11","1","11","0","0.19","6.083"
"631","other","Erdos-Renyi (random)","10002","2000","6","0.07","5","5","1","10000","0.038","11","1","11","0","0.19","6.083"
"632","other","Erdos-Renyi (random)","10002","2000","6","0.07","5","5","1","10000","0.038","11","1","11","0","0.19","6.083"
"633","other","Erdos-Renyi (random)","10002","2000","6","0.07","5","5","1","10000","0.038","11","1","11","0","0.19","6.083"
"634","other","Erdos-Renyi (random)","10002","2000","6","0.07","5","5","1","10000","0.038","11","1","11","0","0.19","6.083"
"635","other","Erdos-Renyi (random)","10002","2000","6","0.07","5","5","1","10000","0.038","11","1","11","0","0.19","6.083"
"636","other","Erdos-Renyi (random)","10002","2000","6","0.07","5","5","1","10000","0.038","11","1","11","0","0.19","6.083"
"638","other","Erdos-Renyi (random)","10002","2000","6","0.07","5","5","1","10000","0.038","11","1","11","0","0.19","6.083"
"637","other","Erdos-Renyi (random)","10002","2000","6","0.07","5","5","1","10000","0.038","11","1","11","0","0.19","6.083"
"639","other","Erdos-Renyi (random)","10002","2000","6","0.07","5","5","1","10000","0.038","11","1","11","0","0.19","6.083"
"640","other","Erdos-Renyi (random)","10002","2000","6","0.07","5","5","1","10000","0.038","11","1","11","0","0.19","6.083"
"641","other","Erdos-Renyi (random)","10002","2000","6","0.07","5","5","1","10000","0.038","11","1","11","0","0.19","6.083"
"642","other","Erdos-Renyi (random)","10002","2000","6","0.07","5","5","1","10000","0.038","11","1","11","0","0.19","6.083"
"644","other","Erdos-Renyi (random)","10002","2000","6","0.07","5","5","1","10000","0.038","11","1","11","0","0.19","6.083"
"643","other","Erdos-Renyi (random)","10002","2000","6","0.07","5","5","1","10000","0.038","11","1","11","0","0.19","6.083"
"645","other","Erdos-Renyi (random)","10002","2000","6","0.07","5","5","1","10000","0.038","11","1","11","0","0.19","6.083"
"646","other","Erdos-Renyi (random)","10002","2000","6","0.07","5","5","1","10000","0.038","11","1","11","0","0.19","6.083"
"648","other","Erdos-Renyi (random)","10002","2000","6","0.07","5","5","1","10000","0.038","11","1","11","0","0.19","6.083"
"647","other","Erdos-Renyi (random)","10002","2000","6","0.07","5","5","1","10000","0.038","11","1","11","0","0.19","6.083"
"649","other","Erdos-Renyi (random)","10002","2000","6","0.07","5","5","1","10000","0.04","84","1","84","0","0.2","6.083"
"650","other","Erdos-Renyi (random)","10002","2000","6","0.07","5","5","1","10000","0.04","84","1","84","0","0.2","6.083"
"651","other","Erdos-Renyi (random)","10002","2000","6","0.07","5","5","1","10000","0.04","84","1","84","0","0.2","6.083"
"654","other","Erdos-Renyi (random)","10002","2000","6","0.07","5","5","1","10000","0.04","84","1","84","0","0.2","6.083"
"652","other","Erdos-Renyi (random)","10002","2000","6","0.07","5","5","1","10000","0.04","84","1","84","0","0.2","6.083"
"653","other","Erdos-Renyi (random)","10002","2000","6","0.07","5","5","1","10000","0.04","84","1","84","0","0.2","6.083"
"655","other","Erdos-Renyi (random)","10002","2000","6","0.07","5","5","1","10000","0.04","84","1","84","0","0.2","6.083"
"656","other","Erdos-Renyi (random)","10002","2000","6","0.07","5","5","1","10000","0.04","84","1","84","0","0.2","6.083"
"657","other","Erdos-Renyi (random)","10002","2000","6","0.07","5","5","1","10000","0.04","84","1","84","0","0.2","6.083"
"659","other","Erdos-Renyi (random)","10002","2000","6","0.07","5","5","1","10000","0.04","84","1","84","0","0.2","6.083"
"660","other","Erdos-Renyi (random)","10002","2000","6","0.07","5","5","1","10000","0.04","84","1","84","0","0.2","6.083"
"658","other","Erdos-Renyi (random)","10002","2000","6","0.07","5","5","1","10000","0.04","84","1","84","0","0.2","6.083"
"661","other","Erdos-Renyi (random)","10002","2000","6","0.07","5","5","1","10000","0.04","84","1","84","0","0.2","6.083"
"663","other","Erdos-Renyi (random)","10002","2000","6","0.07","5","5","1","10000","0.04","84","1","84","0","0.2","6.083"
"662","other","Erdos-Renyi (random)","10002","2000","6","0.07","5","5","1","10000","0.04","84","1","84","0","0.2","6.083"
"664","other","Erdos-Renyi (random)","10002","2000","6","0.07","5","5","1","10000","0.04","84","1","84","0","0.2","6.083"
"665","other","Erdos-Renyi (random)","10002","2000","6","0.07","5","5","1","10000","0.04","84","1","84","0","0.2","6.083"
"666","other","Erdos-Renyi (random)","10002","2000","6","0.07","5","5","1","10000","0.04","84","1","84","0","0.2","6.083"
"667","other","Erdos-Renyi (random)","10002","2000","6","0.07","5","5","1","10000","0.04","84","1","84","0","0.2","6.083"
"668","other","Erdos-Renyi (random)","10002","2000","6","0.07","5","5","1","10000","0.04","84","1","84","0","0.2","6.083"
"669","other","Erdos-Renyi (random)","10002","2000","6","0.07","5","5","1","10000","0.04","84","1","84","0","0.2","6.083"
"670","other","Erdos-Renyi (random)","10002","2000","6","0.07","5","5","1","10000","0.04","84","1","84","0","0.2","6.083"
"671","other","Erdos-Renyi (random)","10002","2000","6","0.07","5","5","1","10000","0.04","84","1","84","0","0.2","6.083"
"672","other","Erdos-Renyi (random)","10002","2000","6","0.07","5","5","1","10000","0.04","84","1","84","0","0.2","6.083"
"673","other","Erdos-Renyi (random)","10002","2000","6","0.07","5","5","1","10000","0.042","52","1","52","0","0.21000000000000002","6.083"
"674","other","Erdos-Renyi (random)","10002","2000","6","0.07","5","5","1","10000","0.042","52","1","52","0","0.21000000000000002","6.083"
"675","other","Erdos-Renyi (random)","10002","2000","6","0.07","5","5","1","10000","0.042","52","1","52","0","0.21000000000000002","6.083"
"677","other","Erdos-Renyi (random)","10002","2000","6","0.07","5","5","1","10000","0.042","52","1","52","0","0.21000000000000002","6.083"
"676","other","Erdos-Renyi (random)","10002","2000","6","0.07","5","5","1","10000","0.042","52","1","52","0","0.21000000000000002","6.083"
"678","other","Erdos-Renyi (random)","10002","2000","6","0.07","5","5","1","10000","0.042","52","1","52","0","0.21000000000000002","6.083"
"679","other","Erdos-Renyi (random)","10002","2000","6","0.07","5","5","1","10000","0.042","52","1","52","0","0.21000000000000002","6.083"
"680","other","Erdos-Renyi (random)","10002","2000","6","0.07","5","5","1","10000","0.042","52","1","52","0","0.21000000000000002","6.083"
"681","other","Erdos-Renyi (random)","10002","2000","6","0.07","5","5","1","10000","0.042","52","1","52","0","0.21000000000000002","6.083"
"683","other","Erdos-Renyi (random)","10002","2000","6","0.07","5","5","1","10000","0.042","52","1","52","0","0.21000000000000002","6.083"
"682","other","Erdos-Renyi (random)","10002","2000","6","0.07","5","5","1","10000","0.042","52","1","52","0","0.21000000000000002","6.083"
"684","other","Erdos-Renyi (random)","10002","2000","6","0.07","5","5","1","10000","0.042","52","1","52","0","0.21000000000000002","6.083"
"686","other","Erdos-Renyi (random)","10002","2000","6","0.07","5","5","1","10000","0.042","52","1","52","0","0.21000000000000002","6.083"
"685","other","Erdos-Renyi (random)","10002","2000","6","0.07","5","5","1","10000","0.042","52","1","52","0","0.21000000000000002","6.083"
"687","other","Erdos-Renyi (random)","10002","2000","6","0.07","5","5","1","10000","0.042","52","1","52","0","0.21000000000000002","6.083"
"688","other","Erdos-Renyi (random)","10002","2000","6","0.07","5","5","1","10000","0.042","52","1","52","0","0.21000000000000002","6.083"
"689","other","Erdos-Renyi (random)","10002","2000","6","0.07","5","5","1","10000","0.042","52","1","52","0","0.21000000000000002","6.083"
"690","other","Erdos-Renyi (random)","10002","2000","6","0.07","5","5","1","10000","0.042","52","1","52","0","0.21000000000000002","6.083"
"691","other","Erdos-Renyi (random)","10002","2000","6","0.07","5","5","1","10000","0.042","52","1","52","0","0.21000000000000002","6.083"
"692","other","Erdos-Renyi (random)","10002","2000","6","0.07","5","5","1","10000","0.042","52","1","52","0","0.21000000000000002","6.083"
"693","other","Erdos-Renyi (random)","10002","2000","6","0.07","5","5","1","10000","0.042","52","1","52","0","0.21000000000000002","6.083"
"694","other","Erdos-Renyi (random)","10002","2000","6","0.07","5","5","1","10000","0.042","52","1","52","0","0.21000000000000002","6.083"
"696","other","Erdos-Renyi (random)","10002","2000","6","0.07","5","5","1","10000","0.042","52","1","52","0","0.21000000000000002","6.083"
"695","other","Erdos-Renyi (random)","10002","2000","6","0.07","5","5","1","10000","0.042","52","1","52","0","0.21000000000000002","6.083"
"697","other","Erdos-Renyi (random)","10002","2000","6","0.07","5","5","1","10000","0.044","55","1","55","0","0.21999999999999997","6.083"
"699","other","Erdos-Renyi (random)","10002","2000","6","0.07","5","5","1","10000","0.044","55","1","55","0","0.21999999999999997","6.083"
"698","other","Erdos-Renyi (random)","10002","2000","6","0.07","5","5","1","10000","0.044","55","1","55","0","0.21999999999999997","6.083"
"700","other","Erdos-Renyi (random)","10002","2000","6","0.07","5","5","1","10000","0.044","55","1","55","0","0.21999999999999997","6.083"
"701","other","Erdos-Renyi (random)","10002","2000","6","0.07","5","5","1","10000","0.044","55","1","55","0","0.21999999999999997","6.083"
"702","other","Erdos-Renyi (random)","10002","2000","6","0.07","5","5","1","10000","0.044","55","1","55","0","0.21999999999999997","6.083"
"703","other","Erdos-Renyi (random)","10002","2000","6","0.07","5","5","1","10000","0.044","55","1","55","0","0.21999999999999997","6.083"
"704","other","Erdos-Renyi (random)","10002","2000","6","0.07","5","5","1","10000","0.044","55","1","55","0","0.21999999999999997","6.083"
"705","other","Erdos-Renyi (random)","10002","2000","6","0.07","5","5","1","10000","0.044","55","1","55","0","0.21999999999999997","6.083"
"707","other","Erdos-Renyi (random)","10002","2000","6","0.07","5","5","1","10000","0.044","55","1","55","0","0.21999999999999997","6.083"
"706","other","Erdos-Renyi (random)","10002","2000","6","0.07","5","5","1","10000","0.044","55","1","55","0","0.21999999999999997","6.083"
"708","other","Erdos-Renyi (random)","10002","2000","6","0.07","5","5","1","10000","0.044","55","1","55","0","0.21999999999999997","6.083"
"709","other","Erdos-Renyi (random)","10002","2000","6","0.07","5","5","1","10000","0.044","55","1","55","0","0.21999999999999997","6.083"
"711","other","Erdos-Renyi (random)","10002","2000","6","0.07","5","5","1","10000","0.044","55","1","55","0","0.21999999999999997","6.083"
"710","other","Erdos-Renyi (random)","10002","2000","6","0.07","5","5","1","10000","0.044","55","1","55","0","0.21999999999999997","6.083"
"713","other","Erdos-Renyi (random)","10002","2000","6","0.07","5","5","1","10000","0.044","55","1","55","0","0.21999999999999997","6.083"
"712","other","Erdos-Renyi (random)","10002","2000","6","0.07","5","5","1","10000","0.044","55","1","55","0","0.21999999999999997","6.083"
"714","other","Erdos-Renyi (random)","10002","2000","6","0.07","5","5","1","10000","0.044","55","1","55","0","0.21999999999999997","6.083"
"715","other","Erdos-Renyi (random)","10002","2000","6","0.07","5","5","1","10000","0.044","55","1","55","0","0.21999999999999997","6.083"
"717","other","Erdos-Renyi (random)","10002","2000","6","0.07","5","5","1","10000","0.044","55","1","55","0","0.21999999999999997","6.083"
"716","other","Erdos-Renyi (random)","10002","2000","6","0.07","5","5","1","10000","0.044","55","1","55","0","0.21999999999999997","6.083"
"718","other","Erdos-Renyi (random)","10002","2000","6","0.07","5","5","1","10000","0.044","55","1","55","0","0.21999999999999997","6.083"
"719","other","Erdos-Renyi (random)","10002","2000","6","0.07","5","5","1","10000","0.044","55","1","55","0","0.21999999999999997","6.083"
"720","other","Erdos-Renyi (random)","10002","2000","6","0.07","5","5","1","10000","0.044","55","1","55","0","0.21999999999999997","6.083"
"721","other","Erdos-Renyi (random)","10002","2000","6","0.07","5","5","1","10000","0.046","56","1","56","0","0.22999999999999998","6.083"
"722","other","Erdos-Renyi (random)","10002","2000","6","0.07","5","5","1","10000","0.046","56","1","56","0","0.22999999999999998","6.083"
"723","other","Erdos-Renyi (random)","10002","2000","6","0.07","5","5","1","10000","0.046","56","1","56","0","0.22999999999999998","6.083"
"724","other","Erdos-Renyi (random)","10002","2000","6","0.07","5","5","1","10000","0.046","56","1","56","0","0.22999999999999998","6.083"
"725","other","Erdos-Renyi (random)","10002","2000","6","0.07","5","5","1","10000","0.046","56","1","56","0","0.22999999999999998","6.083"
"726","other","Erdos-Renyi (random)","10002","2000","6","0.07","5","5","1","10000","0.046","56","1","56","0","0.22999999999999998","6.083"
"727","other","Erdos-Renyi (random)","10002","2000","6","0.07","5","5","1","10000","0.046","56","1","56","0","0.22999999999999998","6.083"
"728","other","Erdos-Renyi (random)","10002","2000","6","0.07","5","5","1","10000","0.046","56","1","56","0","0.22999999999999998","6.083"
"729","other","Erdos-Renyi (random)","10002","2000","6","0.07","5","5","1","10000","0.046","56","1","56","0","0.22999999999999998","6.083"
"730","other","Erdos-Renyi (random)","10002","2000","6","0.07","5","5","1","10000","0.046","56","1","56","0","0.22999999999999998","6.083"
"732","other","Erdos-Renyi (random)","10002","2000","6","0.07","5","5","1","10000","0.046","56","1","56","0","0.22999999999999998","6.083"
"731","other","Erdos-Renyi (random)","10002","2000","6","0.07","5","5","1","10000","0.046","56","1","56","0","0.22999999999999998","6.083"
"733","other","Erdos-Renyi (random)","10002","2000","6","0.07","5","5","1","10000","0.046","56","1","56","0","0.22999999999999998","6.083"
"734","other","Erdos-Renyi (random)","10002","2000","6","0.07","5","5","1","10000","0.046","56","1","56","0","0.22999999999999998","6.083"
"735","other","Erdos-Renyi (random)","10002","2000","6","0.07","5","5","1","10000","0.046","56","1","56","0","0.22999999999999998","6.083"
"736","other","Erdos-Renyi (random)","10002","2000","6","0.07","5","5","1","10000","0.046","56","1","56","0","0.22999999999999998","6.083"
"738","other","Erdos-Renyi (random)","10002","2000","6","0.07","5","5","1","10000","0.046","56","1","56","0","0.22999999999999998","6.083"
"737","other","Erdos-Renyi (random)","10002","2000","6","0.07","5","5","1","10000","0.046","56","1","56","0","0.22999999999999998","6.083"
"739","other","Erdos-Renyi (random)","10002","2000","6","0.07","5","5","1","10000","0.046","56","1","56","0","0.22999999999999998","6.083"
"740","other","Erdos-Renyi (random)","10002","2000","6","0.07","5","5","1","10000","0.046","56","1","56","0","0.22999999999999998","6.083"
"741","other","Erdos-Renyi (random)","10002","2000","6","0.07","5","5","1","10000","0.046","56","1","56","0","0.22999999999999998","6.083"
"744","other","Erdos-Renyi (random)","10002","2000","6","0.07","5","5","1","10000","0.046","56","1","56","0","0.22999999999999998","6.083"
"742","other","Erdos-Renyi (random)","10002","2000","6","0.07","5","5","1","10000","0.046","56","1","56","0","0.22999999999999998","6.083"
"743","other","Erdos-Renyi (random)","10002","2000","6","0.07","5","5","1","10000","0.046","56","1","56","0","0.22999999999999998","6.083"
"745","other","Erdos-Renyi (random)","10002","2000","6","0.07","5","5","1","10000","0.048","15","1","15","0","0.24","6.083"
"746","other","Erdos-Renyi (random)","10002","2000","6","0.07","5","5","1","10000","0.048","15","1","15","0","0.24","6.083"
"747","other","Erdos-Renyi (random)","10002","2000","6","0.07","5","5","1","10000","0.048","15","1","15","0","0.24","6.083"
"748","other","Erdos-Renyi (random)","10002","2000","6","0.07","5","5","1","10000","0.048","15","1","15","0","0.24","6.083"
"750","other","Erdos-Renyi (random)","10002","2000","6","0.07","5","5","1","10000","0.048","15","1","15","0","0.24","6.083"
"749","other","Erdos-Renyi (random)","10002","2000","6","0.07","5","5","1","10000","0.048","15","1","15","0","0.24","6.083"
"751","other","Erdos-Renyi (random)","10002","2000","6","0.07","5","5","1","10000","0.048","15","1","15","0","0.24","6.083"
"752","other","Erdos-Renyi (random)","10002","2000","6","0.07","5","5","1","10000","0.048","15","1","15","0","0.24","6.083"
"753","other","Erdos-Renyi (random)","10002","2000","6","0.07","5","5","1","10000","0.048","15","1","15","0","0.24","6.083"
"754","other","Erdos-Renyi (random)","10002","2000","6","0.07","5","5","1","10000","0.048","15","1","15","0","0.24","6.083"
"756","other","Erdos-Renyi (random)","10002","2000","6","0.07","5","5","1","10000","0.048","15","1","15","0","0.24","6.083"
"755","other","Erdos-Renyi (random)","10002","2000","6","0.07","5","5","1","10000","0.048","15","1","15","0","0.24","6.083"
"757","other","Erdos-Renyi (random)","10002","2000","6","0.07","5","5","1","10000","0.048","15","1","15","0","0.24","6.083"
"758","other","Erdos-Renyi (random)","10002","2000","6","0.07","5","5","1","10000","0.048","15","1","15","0","0.24","6.083"
"759","other","Erdos-Renyi (random)","10002","2000","6","0.07","5","5","1","10000","0.048","15","1","15","0","0.24","6.083"
"760","other","Erdos-Renyi (random)","10002","2000","6","0.07","5","5","1","10000","0.048","15","1","15","0","0.24","6.083"
"761","other","Erdos-Renyi (random)","10002","2000","6","0.07","5","5","1","10000","0.048","15","1","15","0","0.24","6.083"
"762","other","Erdos-Renyi (random)","10002","2000","6","0.07","5","5","1","10000","0.048","15","1","15","0","0.24","6.083"
"763","other","Erdos-Renyi (random)","10002","2000","6","0.07","5","5","1","10000","0.048","15","1","15","0","0.24","6.083"
"764","other","Erdos-Renyi (random)","10002","2000","6","0.07","5","5","1","10000","0.048","15","1","15","0","0.24","6.083"
"765","other","Erdos-Renyi (random)","10002","2000","6","0.07","5","5","1","10000","0.048","15","1","15","0","0.24","6.083"
"766","other","Erdos-Renyi (random)","10002","2000","6","0.07","5","5","1","10000","0.048","15","1","15","0","0.24","6.083"
"767","other","Erdos-Renyi (random)","10002","2000","6","0.07","5","5","1","10000","0.048","15","1","15","0","0.24","6.083"
"768","other","Erdos-Renyi (random)","10002","2000","6","0.07","5","5","1","10000","0.048","15","1","15","0","0.24","6.083"
"769","other","Erdos-Renyi (random)","10003","2000","6","0.07","5","5","1","10000","0.018","5","1","5","0","0.09","5.979"
"770","other","Erdos-Renyi (random)","10003","2000","6","0.07","5","5","1","10000","0.018","5","1","5","0","0.09","5.979"
"771","other","Erdos-Renyi (random)","10003","2000","6","0.07","5","5","1","10000","0.018","5","1","5","0","0.09","5.979"
"772","other","Erdos-Renyi (random)","10003","2000","6","0.07","5","5","1","10000","0.018","5","1","5","0","0.09","5.979"
"773","other","Erdos-Renyi (random)","10003","2000","6","0.07","5","5","1","10000","0.018","5","1","5","0","0.09","5.979"
"774","other","Erdos-Renyi (random)","10003","2000","6","0.07","5","5","1","10000","0.018","5","1","5","0","0.09","5.979"
"775","other","Erdos-Renyi (random)","10003","2000","6","0.07","5","5","1","10000","0.018","5","1","5","0","0.09","5.979"
"776","other","Erdos-Renyi (random)","10003","2000","6","0.07","5","5","1","10000","0.018","5","1","5","0","0.09","5.979"
"777","other","Erdos-Renyi (random)","10003","2000","6","0.07","5","5","1","10000","0.018","5","1","5","0","0.09","5.979"
"778","other","Erdos-Renyi (random)","10003","2000","6","0.07","5","5","1","10000","0.018","5","1","5","0","0.09","5.979"
"779","other","Erdos-Renyi (random)","10003","2000","6","0.07","5","5","1","10000","0.018","5","1","5","0","0.09","5.979"
"780","other","Erdos-Renyi (random)","10003","2000","6","0.07","5","5","1","10000","0.018","5","1","5","0","0.09","5.979"
"781","other","Erdos-Renyi (random)","10003","2000","6","0.07","5","5","1","10000","0.018","5","1","5","0","0.09","5.979"
"782","other","Erdos-Renyi (random)","10003","2000","6","0.07","5","5","1","10000","0.018","5","1","5","0","0.09","5.979"
"783","other","Erdos-Renyi (random)","10003","2000","6","0.07","5","5","1","10000","0.018","5","1","5","0","0.09","5.979"
"784","other","Erdos-Renyi (random)","10003","2000","6","0.07","5","5","1","10000","0.018","5","1","5","0","0.09","5.979"
"785","other","Erdos-Renyi (random)","10003","2000","6","0.07","5","5","1","10000","0.018","5","1","5","0","0.09","5.979"
"786","other","Erdos-Renyi (random)","10003","2000","6","0.07","5","5","1","10000","0.018","5","1","5","0","0.09","5.979"
"787","other","Erdos-Renyi (random)","10003","2000","6","0.07","5","5","1","10000","0.018","5","1","5","0","0.09","5.979"
"788","other","Erdos-Renyi (random)","10003","2000","6","0.07","5","5","1","10000","0.018","5","1","5","0","0.09","5.979"
"789","other","Erdos-Renyi (random)","10003","2000","6","0.07","5","5","1","10000","0.018","5","1","5","0","0.09","5.979"
"791","other","Erdos-Renyi (random)","10003","2000","6","0.07","5","5","1","10000","0.018","5","1","5","0","0.09","5.979"
"790","other","Erdos-Renyi (random)","10003","2000","6","0.07","5","5","1","10000","0.018","5","1","5","0","0.09","5.979"
"792","other","Erdos-Renyi (random)","10003","2000","6","0.07","5","5","1","10000","0.018","5","1","5","0","0.09","5.979"
"793","other","Erdos-Renyi (random)","10003","2000","6","0.07","5","5","1","10000","0.02","8","1","8","0","0.1","5.979"
"794","other","Erdos-Renyi (random)","10003","2000","6","0.07","5","5","1","10000","0.02","8","1","8","0","0.1","5.979"
"795","other","Erdos-Renyi (random)","10003","2000","6","0.07","5","5","1","10000","0.02","8","1","8","0","0.1","5.979"
"796","other","Erdos-Renyi (random)","10003","2000","6","0.07","5","5","1","10000","0.02","8","1","8","0","0.1","5.979"
"797","other","Erdos-Renyi (random)","10003","2000","6","0.07","5","5","1","10000","0.02","8","1","8","0","0.1","5.979"
"799","other","Erdos-Renyi (random)","10003","2000","6","0.07","5","5","1","10000","0.02","8","1","8","0","0.1","5.979"
"798","other","Erdos-Renyi (random)","10003","2000","6","0.07","5","5","1","10000","0.02","8","1","8","0","0.1","5.979"
"800","other","Erdos-Renyi (random)","10003","2000","6","0.07","5","5","1","10000","0.02","8","1","8","0","0.1","5.979"
"801","other","Erdos-Renyi (random)","10003","2000","6","0.07","5","5","1","10000","0.02","8","1","8","0","0.1","5.979"
"802","other","Erdos-Renyi (random)","10003","2000","6","0.07","5","5","1","10000","0.02","8","1","8","0","0.1","5.979"
"803","other","Erdos-Renyi (random)","10003","2000","6","0.07","5","5","1","10000","0.02","8","1","8","0","0.1","5.979"
"804","other","Erdos-Renyi (random)","10003","2000","6","0.07","5","5","1","10000","0.02","8","1","8","0","0.1","5.979"
"805","other","Erdos-Renyi (random)","10003","2000","6","0.07","5","5","1","10000","0.02","8","1","8","0","0.1","5.979"
"806","other","Erdos-Renyi (random)","10003","2000","6","0.07","5","5","1","10000","0.02","8","1","8","0","0.1","5.979"
"807","other","Erdos-Renyi (random)","10003","2000","6","0.07","5","5","1","10000","0.02","8","1","8","0","0.1","5.979"
"808","other","Erdos-Renyi (random)","10003","2000","6","0.07","5","5","1","10000","0.02","8","1","8","0","0.1","5.979"
"810","other","Erdos-Renyi (random)","10003","2000","6","0.07","5","5","1","10000","0.02","8","1","8","0","0.1","5.979"
"809","other","Erdos-Renyi (random)","10003","2000","6","0.07","5","5","1","10000","0.02","8","1","8","0","0.1","5.979"
"811","other","Erdos-Renyi (random)","10003","2000","6","0.07","5","5","1","10000","0.02","8","1","8","0","0.1","5.979"
"812","other","Erdos-Renyi (random)","10003","2000","6","0.07","5","5","1","10000","0.02","8","1","8","0","0.1","5.979"
"813","other","Erdos-Renyi (random)","10003","2000","6","0.07","5","5","1","10000","0.02","8","1","8","0","0.1","5.979"
"814","other","Erdos-Renyi (random)","10003","2000","6","0.07","5","5","1","10000","0.02","8","1","8","0","0.1","5.979"
"815","other","Erdos-Renyi (random)","10003","2000","6","0.07","5","5","1","10000","0.02","8","1","8","0","0.1","5.979"
"816","other","Erdos-Renyi (random)","10003","2000","6","0.07","5","5","1","10000","0.02","8","1","8","0","0.1","5.979"
"817","other","Erdos-Renyi (random)","10003","2000","6","0.07","5","5","1","10000","0.022","8","1","8","0","0.10999999999999999","5.979"
"818","other","Erdos-Renyi (random)","10003","2000","6","0.07","5","5","1","10000","0.022","8","1","8","0","0.10999999999999999","5.979"
"819","other","Erdos-Renyi (random)","10003","2000","6","0.07","5","5","1","10000","0.022","8","1","8","0","0.10999999999999999","5.979"
"820","other","Erdos-Renyi (random)","10003","2000","6","0.07","5","5","1","10000","0.022","8","1","8","0","0.10999999999999999","5.979"
"821","other","Erdos-Renyi (random)","10003","2000","6","0.07","5","5","1","10000","0.022","8","1","8","0","0.10999999999999999","5.979"
"822","other","Erdos-Renyi (random)","10003","2000","6","0.07","5","5","1","10000","0.022","8","1","8","0","0.10999999999999999","5.979"
"823","other","Erdos-Renyi (random)","10003","2000","6","0.07","5","5","1","10000","0.022","8","1","8","0","0.10999999999999999","5.979"
"824","other","Erdos-Renyi (random)","10003","2000","6","0.07","5","5","1","10000","0.022","8","1","8","0","0.10999999999999999","5.979"
"825","other","Erdos-Renyi (random)","10003","2000","6","0.07","5","5","1","10000","0.022","8","1","8","0","0.10999999999999999","5.979"
"826","other","Erdos-Renyi (random)","10003","2000","6","0.07","5","5","1","10000","0.022","8","1","8","0","0.10999999999999999","5.979"
"827","other","Erdos-Renyi (random)","10003","2000","6","0.07","5","5","1","10000","0.022","8","1","8","0","0.10999999999999999","5.979"
"828","other","Erdos-Renyi (random)","10003","2000","6","0.07","5","5","1","10000","0.022","8","1","8","0","0.10999999999999999","5.979"
"829","other","Erdos-Renyi (random)","10003","2000","6","0.07","5","5","1","10000","0.022","8","1","8","0","0.10999999999999999","5.979"
"830","other","Erdos-Renyi (random)","10003","2000","6","0.07","5","5","1","10000","0.022","8","1","8","0","0.10999999999999999","5.979"
"831","other","Erdos-Renyi (random)","10003","2000","6","0.07","5","5","1","10000","0.022","8","1","8","0","0.10999999999999999","5.979"
"832","other","Erdos-Renyi (random)","10003","2000","6","0.07","5","5","1","10000","0.022","8","1","8","0","0.10999999999999999","5.979"
"833","other","Erdos-Renyi (random)","10003","2000","6","0.07","5","5","1","10000","0.022","8","1","8","0","0.10999999999999999","5.979"
"834","other","Erdos-Renyi (random)","10003","2000","6","0.07","5","5","1","10000","0.022","8","1","8","0","0.10999999999999999","5.979"
"835","other","Erdos-Renyi (random)","10003","2000","6","0.07","5","5","1","10000","0.022","8","1","8","0","0.10999999999999999","5.979"
"836","other","Erdos-Renyi (random)","10003","2000","6","0.07","5","5","1","10000","0.022","8","1","8","0","0.10999999999999999","5.979"
"837","other","Erdos-Renyi (random)","10003","2000","6","0.07","5","5","1","10000","0.022","8","1","8","0","0.10999999999999999","5.979"
"838","other","Erdos-Renyi (random)","10003","2000","6","0.07","5","5","1","10000","0.022","8","1","8","0","0.10999999999999999","5.979"
"839","other","Erdos-Renyi (random)","10003","2000","6","0.07","5","5","1","10000","0.022","8","1","8","0","0.10999999999999999","5.979"
"840","other","Erdos-Renyi (random)","10003","2000","6","0.07","5","5","1","10000","0.022","8","1","8","0","0.10999999999999999","5.979"
"841","other","Erdos-Renyi (random)","10003","2000","6","0.07","5","5","1","10000","0.024","8","1","8","0","0.12","5.979"
"842","other","Erdos-Renyi (random)","10003","2000","6","0.07","5","5","1","10000","0.024","8","1","8","0","0.12","5.979"
"843","other","Erdos-Renyi (random)","10003","2000","6","0.07","5","5","1","10000","0.024","8","1","8","0","0.12","5.979"
"844","other","Erdos-Renyi (random)","10003","2000","6","0.07","5","5","1","10000","0.024","8","1","8","0","0.12","5.979"
"845","other","Erdos-Renyi (random)","10003","2000","6","0.07","5","5","1","10000","0.024","8","1","8","0","0.12","5.979"
"846","other","Erdos-Renyi (random)","10003","2000","6","0.07","5","5","1","10000","0.024","8","1","8","0","0.12","5.979"
"847","other","Erdos-Renyi (random)","10003","2000","6","0.07","5","5","1","10000","0.024","8","1","8","0","0.12","5.979"
"849","other","Erdos-Renyi (random)","10003","2000","6","0.07","5","5","1","10000","0.024","8","1","8","0","0.12","5.979"
"848","other","Erdos-Renyi (random)","10003","2000","6","0.07","5","5","1","10000","0.024","8","1","8","0","0.12","5.979"
"851","other","Erdos-Renyi (random)","10003","2000","6","0.07","5","5","1","10000","0.024","8","1","8","0","0.12","5.979"
"850","other","Erdos-Renyi (random)","10003","2000","6","0.07","5","5","1","10000","0.024","8","1","8","0","0.12","5.979"
"852","other","Erdos-Renyi (random)","10003","2000","6","0.07","5","5","1","10000","0.024","8","1","8","0","0.12","5.979"
"853","other","Erdos-Renyi (random)","10003","2000","6","0.07","5","5","1","10000","0.024","8","1","8","0","0.12","5.979"
"854","other","Erdos-Renyi (random)","10003","2000","6","0.07","5","5","1","10000","0.024","8","1","8","0","0.12","5.979"
"855","other","Erdos-Renyi (random)","10003","2000","6","0.07","5","5","1","10000","0.024","8","1","8","0","0.12","5.979"
"857","other","Erdos-Renyi (random)","10003","2000","6","0.07","5","5","1","10000","0.024","8","1","8","0","0.12","5.979"
"856","other","Erdos-Renyi (random)","10003","2000","6","0.07","5","5","1","10000","0.024","8","1","8","0","0.12","5.979"
"858","other","Erdos-Renyi (random)","10003","2000","6","0.07","5","5","1","10000","0.024","8","1","8","0","0.12","5.979"
"859","other","Erdos-Renyi (random)","10003","2000","6","0.07","5","5","1","10000","0.024","8","1","8","0","0.12","5.979"
"860","other","Erdos-Renyi (random)","10003","2000","6","0.07","5","5","1","10000","0.024","8","1","8","0","0.12","5.979"
"861","other","Erdos-Renyi (random)","10003","2000","6","0.07","5","5","1","10000","0.024","8","1","8","0","0.12","5.979"
"862","other","Erdos-Renyi (random)","10003","2000","6","0.07","5","5","1","10000","0.024","8","1","8","0","0.12","5.979"
"863","other","Erdos-Renyi (random)","10003","2000","6","0.07","5","5","1","10000","0.024","8","1","8","0","0.12","5.979"
"864","other","Erdos-Renyi (random)","10003","2000","6","0.07","5","5","1","10000","0.024","8","1","8","0","0.12","5.979"
"865","other","Erdos-Renyi (random)","10003","2000","6","0.07","5","5","1","10000","0.026","8","1","8","0","0.13","5.979"
"866","other","Erdos-Renyi (random)","10003","2000","6","0.07","5","5","1","10000","0.026","8","1","8","0","0.13","5.979"
"867","other","Erdos-Renyi (random)","10003","2000","6","0.07","5","5","1","10000","0.026","8","1","8","0","0.13","5.979"
"869","other","Erdos-Renyi (random)","10003","2000","6","0.07","5","5","1","10000","0.026","8","1","8","0","0.13","5.979"
"870","other","Erdos-Renyi (random)","10003","2000","6","0.07","5","5","1","10000","0.026","8","1","8","0","0.13","5.979"
"868","other","Erdos-Renyi (random)","10003","2000","6","0.07","5","5","1","10000","0.026","8","1","8","0","0.13","5.979"
"871","other","Erdos-Renyi (random)","10003","2000","6","0.07","5","5","1","10000","0.026","8","1","8","0","0.13","5.979"
"872","other","Erdos-Renyi (random)","10003","2000","6","0.07","5","5","1","10000","0.026","8","1","8","0","0.13","5.979"
"873","other","Erdos-Renyi (random)","10003","2000","6","0.07","5","5","1","10000","0.026","8","1","8","0","0.13","5.979"
"874","other","Erdos-Renyi (random)","10003","2000","6","0.07","5","5","1","10000","0.026","8","1","8","0","0.13","5.979"
"875","other","Erdos-Renyi (random)","10003","2000","6","0.07","5","5","1","10000","0.026","8","1","8","0","0.13","5.979"
"876","other","Erdos-Renyi (random)","10003","2000","6","0.07","5","5","1","10000","0.026","8","1","8","0","0.13","5.979"
"877","other","Erdos-Renyi (random)","10003","2000","6","0.07","5","5","1","10000","0.026","8","1","8","0","0.13","5.979"
"878","other","Erdos-Renyi (random)","10003","2000","6","0.07","5","5","1","10000","0.026","8","1","8","0","0.13","5.979"
"879","other","Erdos-Renyi (random)","10003","2000","6","0.07","5","5","1","10000","0.026","8","1","8","0","0.13","5.979"
"880","other","Erdos-Renyi (random)","10003","2000","6","0.07","5","5","1","10000","0.026","8","1","8","0","0.13","5.979"
"882","other","Erdos-Renyi (random)","10003","2000","6","0.07","5","5","1","10000","0.026","8","1","8","0","0.13","5.979"
"881","other","Erdos-Renyi (random)","10003","2000","6","0.07","5","5","1","10000","0.026","8","1","8","0","0.13","5.979"
"883","other","Erdos-Renyi (random)","10003","2000","6","0.07","5","5","1","10000","0.026","8","1","8","0","0.13","5.979"
"884","other","Erdos-Renyi (random)","10003","2000","6","0.07","5","5","1","10000","0.026","8","1","8","0","0.13","5.979"
"885","other","Erdos-Renyi (random)","10003","2000","6","0.07","5","5","1","10000","0.026","8","1","8","0","0.13","5.979"
"886","other","Erdos-Renyi (random)","10003","2000","6","0.07","5","5","1","10000","0.026","8","1","8","0","0.13","5.979"
"887","other","Erdos-Renyi (random)","10003","2000","6","0.07","5","5","1","10000","0.026","8","1","8","0","0.13","5.979"
"888","other","Erdos-Renyi (random)","10003","2000","6","0.07","5","5","1","10000","0.026","8","1","8","0","0.13","5.979"
"889","other","Erdos-Renyi (random)","10003","2000","6","0.07","5","5","1","10000","0.028","8","1","8","0","0.14","5.979"
"891","other","Erdos-Renyi (random)","10003","2000","6","0.07","5","5","1","10000","0.028","8","1","8","0","0.14","5.979"
"890","other","Erdos-Renyi (random)","10003","2000","6","0.07","5","5","1","10000","0.028","8","1","8","0","0.14","5.979"
"892","other","Erdos-Renyi (random)","10003","2000","6","0.07","5","5","1","10000","0.028","8","1","8","0","0.14","5.979"
"893","other","Erdos-Renyi (random)","10003","2000","6","0.07","5","5","1","10000","0.028","8","1","8","0","0.14","5.979"
"894","other","Erdos-Renyi (random)","10003","2000","6","0.07","5","5","1","10000","0.028","8","1","8","0","0.14","5.979"
"895","other","Erdos-Renyi (random)","10003","2000","6","0.07","5","5","1","10000","0.028","8","1","8","0","0.14","5.979"
"896","other","Erdos-Renyi (random)","10003","2000","6","0.07","5","5","1","10000","0.028","8","1","8","0","0.14","5.979"
"897","other","Erdos-Renyi (random)","10003","2000","6","0.07","5","5","1","10000","0.028","8","1","8","0","0.14","5.979"
"898","other","Erdos-Renyi (random)","10003","2000","6","0.07","5","5","1","10000","0.028","8","1","8","0","0.14","5.979"
"899","other","Erdos-Renyi (random)","10003","2000","6","0.07","5","5","1","10000","0.028","8","1","8","0","0.14","5.979"
"900","other","Erdos-Renyi (random)","10003","2000","6","0.07","5","5","1","10000","0.028","8","1","8","0","0.14","5.979"
"901","other","Erdos-Renyi (random)","10003","2000","6","0.07","5","5","1","10000","0.028","8","1","8","0","0.14","5.979"
"903","other","Erdos-Renyi (random)","10003","2000","6","0.07","5","5","1","10000","0.028","8","1","8","0","0.14","5.979"
"902","other","Erdos-Renyi (random)","10003","2000","6","0.07","5","5","1","10000","0.028","8","1","8","0","0.14","5.979"
"904","other","Erdos-Renyi (random)","10003","2000","6","0.07","5","5","1","10000","0.028","8","1","8","0","0.14","5.979"
"905","other","Erdos-Renyi (random)","10003","2000","6","0.07","5","5","1","10000","0.028","8","1","8","0","0.14","5.979"
"906","other","Erdos-Renyi (random)","10003","2000","6","0.07","5","5","1","10000","0.028","8","1","8","0","0.14","5.979"
"907","other","Erdos-Renyi (random)","10003","2000","6","0.07","5","5","1","10000","0.028","8","1","8","0","0.14","5.979"
"909","other","Erdos-Renyi (random)","10003","2000","6","0.07","5","5","1","10000","0.028","8","1","8","0","0.14","5.979"
"910","other","Erdos-Renyi (random)","10003","2000","6","0.07","5","5","1","10000","0.028","8","1","8","0","0.14","5.979"
"908","other","Erdos-Renyi (random)","10003","2000","6","0.07","5","5","1","10000","0.028","8","1","8","0","0.14","5.979"
"911","other","Erdos-Renyi (random)","10003","2000","6","0.07","5","5","1","10000","0.028","8","1","8","0","0.14","5.979"
"912","other","Erdos-Renyi (random)","10003","2000","6","0.07","5","5","1","10000","0.028","8","1","8","0","0.14","5.979"
"913","other","Erdos-Renyi (random)","10003","2000","6","0.07","5","5","1","10000","0.03","6","1","6","0","0.15","5.979"
"915","other","Erdos-Renyi (random)","10003","2000","6","0.07","5","5","1","10000","0.03","6","1","6","0","0.15","5.979"
"914","other","Erdos-Renyi (random)","10003","2000","6","0.07","5","5","1","10000","0.03","6","1","6","0","0.15","5.979"
"916","other","Erdos-Renyi (random)","10003","2000","6","0.07","5","5","1","10000","0.03","6","1","6","0","0.15","5.979"
"917","other","Erdos-Renyi (random)","10003","2000","6","0.07","5","5","1","10000","0.03","6","1","6","0","0.15","5.979"
"918","other","Erdos-Renyi (random)","10003","2000","6","0.07","5","5","1","10000","0.03","6","1","6","0","0.15","5.979"
"919","other","Erdos-Renyi (random)","10003","2000","6","0.07","5","5","1","10000","0.03","6","1","6","0","0.15","5.979"
"921","other","Erdos-Renyi (random)","10003","2000","6","0.07","5","5","1","10000","0.03","6","1","6","0","0.15","5.979"
"920","other","Erdos-Renyi (random)","10003","2000","6","0.07","5","5","1","10000","0.03","6","1","6","0","0.15","5.979"
"922","other","Erdos-Renyi (random)","10003","2000","6","0.07","5","5","1","10000","0.03","6","1","6","0","0.15","5.979"
"923","other","Erdos-Renyi (random)","10003","2000","6","0.07","5","5","1","10000","0.03","6","1","6","0","0.15","5.979"
"924","other","Erdos-Renyi (random)","10003","2000","6","0.07","5","5","1","10000","0.03","6","1","6","0","0.15","5.979"
"925","other","Erdos-Renyi (random)","10003","2000","6","0.07","5","5","1","10000","0.03","6","1","6","0","0.15","5.979"
"927","other","Erdos-Renyi (random)","10003","2000","6","0.07","5","5","1","10000","0.03","6","1","6","0","0.15","5.979"
"926","other","Erdos-Renyi (random)","10003","2000","6","0.07","5","5","1","10000","0.03","6","1","6","0","0.15","5.979"
"928","other","Erdos-Renyi (random)","10003","2000","6","0.07","5","5","1","10000","0.03","6","1","6","0","0.15","5.979"
"929","other","Erdos-Renyi (random)","10003","2000","6","0.07","5","5","1","10000","0.03","6","1","6","0","0.15","5.979"
"930","other","Erdos-Renyi (random)","10003","2000","6","0.07","5","5","1","10000","0.03","6","1","6","0","0.15","5.979"
"931","other","Erdos-Renyi (random)","10003","2000","6","0.07","5","5","1","10000","0.03","6","1","6","0","0.15","5.979"
"932","other","Erdos-Renyi (random)","10003","2000","6","0.07","5","5","1","10000","0.03","6","1","6","0","0.15","5.979"
"933","other","Erdos-Renyi (random)","10003","2000","6","0.07","5","5","1","10000","0.03","6","1","6","0","0.15","5.979"
"934","other","Erdos-Renyi (random)","10003","2000","6","0.07","5","5","1","10000","0.03","6","1","6","0","0.15","5.979"
"935","other","Erdos-Renyi (random)","10003","2000","6","0.07","5","5","1","10000","0.03","6","1","6","0","0.15","5.979"
"936","other","Erdos-Renyi (random)","10003","2000","6","0.07","5","5","1","10000","0.03","6","1","6","0","0.15","5.979"
"937","other","Erdos-Renyi (random)","10003","2000","6","0.07","5","5","1","10000","0.032","6","1","6","0","0.16","5.979"
"939","other","Erdos-Renyi (random)","10003","2000","6","0.07","5","5","1","10000","0.032","6","1","6","0","0.16","5.979"
"938","other","Erdos-Renyi (random)","10003","2000","6","0.07","5","5","1","10000","0.032","6","1","6","0","0.16","5.979"
"940","other","Erdos-Renyi (random)","10003","2000","6","0.07","5","5","1","10000","0.032","6","1","6","0","0.16","5.979"
"941","other","Erdos-Renyi (random)","10003","2000","6","0.07","5","5","1","10000","0.032","6","1","6","0","0.16","5.979"
"942","other","Erdos-Renyi (random)","10003","2000","6","0.07","5","5","1","10000","0.032","6","1","6","0","0.16","5.979"
"943","other","Erdos-Renyi (random)","10003","2000","6","0.07","5","5","1","10000","0.032","6","1","6","0","0.16","5.979"
"945","other","Erdos-Renyi (random)","10003","2000","6","0.07","5","5","1","10000","0.032","6","1","6","0","0.16","5.979"
"944","other","Erdos-Renyi (random)","10003","2000","6","0.07","5","5","1","10000","0.032","6","1","6","0","0.16","5.979"
"946","other","Erdos-Renyi (random)","10003","2000","6","0.07","5","5","1","10000","0.032","6","1","6","0","0.16","5.979"
"947","other","Erdos-Renyi (random)","10003","2000","6","0.07","5","5","1","10000","0.032","6","1","6","0","0.16","5.979"
"948","other","Erdos-Renyi (random)","10003","2000","6","0.07","5","5","1","10000","0.032","6","1","6","0","0.16","5.979"
"949","other","Erdos-Renyi (random)","10003","2000","6","0.07","5","5","1","10000","0.032","6","1","6","0","0.16","5.979"
"950","other","Erdos-Renyi (random)","10003","2000","6","0.07","5","5","1","10000","0.032","6","1","6","0","0.16","5.979"
"951","other","Erdos-Renyi (random)","10003","2000","6","0.07","5","5","1","10000","0.032","6","1","6","0","0.16","5.979"
"952","other","Erdos-Renyi (random)","10003","2000","6","0.07","5","5","1","10000","0.032","6","1","6","0","0.16","5.979"
"953","other","Erdos-Renyi (random)","10003","2000","6","0.07","5","5","1","10000","0.032","6","1","6","0","0.16","5.979"
"954","other","Erdos-Renyi (random)","10003","2000","6","0.07","5","5","1","10000","0.032","6","1","6","0","0.16","5.979"
"955","other","Erdos-Renyi (random)","10003","2000","6","0.07","5","5","1","10000","0.032","6","1","6","0","0.16","5.979"
"956","other","Erdos-Renyi (random)","10003","2000","6","0.07","5","5","1","10000","0.032","6","1","6","0","0.16","5.979"
"957","other","Erdos-Renyi (random)","10003","2000","6","0.07","5","5","1","10000","0.032","6","1","6","0","0.16","5.979"
"958","other","Erdos-Renyi (random)","10003","2000","6","0.07","5","5","1","10000","0.032","6","1","6","0","0.16","5.979"
"959","other","Erdos-Renyi (random)","10003","2000","6","0.07","5","5","1","10000","0.032","6","1","6","0","0.16","5.979"
"960","other","Erdos-Renyi (random)","10003","2000","6","0.07","5","5","1","10000","0.032","6","1","6","0","0.16","5.979"
"961","other","Erdos-Renyi (random)","10003","2000","6","0.07","5","5","1","10000","0.034","41","1","41","0","0.17","5.979"
"962","other","Erdos-Renyi (random)","10003","2000","6","0.07","5","5","1","10000","0.034","41","1","41","0","0.17","5.979"
"963","other","Erdos-Renyi (random)","10003","2000","6","0.07","5","5","1","10000","0.034","41","1","41","0","0.17","5.979"
"964","other","Erdos-Renyi (random)","10003","2000","6","0.07","5","5","1","10000","0.034","41","1","41","0","0.17","5.979"
"965","other","Erdos-Renyi (random)","10003","2000","6","0.07","5","5","1","10000","0.034","41","1","41","0","0.17","5.979"
"966","other","Erdos-Renyi (random)","10003","2000","6","0.07","5","5","1","10000","0.034","41","1","41","0","0.17","5.979"
"967","other","Erdos-Renyi (random)","10003","2000","6","0.07","5","5","1","10000","0.034","41","1","41","0","0.17","5.979"
"968","other","Erdos-Renyi (random)","10003","2000","6","0.07","5","5","1","10000","0.034","41","1","41","0","0.17","5.979"
"969","other","Erdos-Renyi (random)","10003","2000","6","0.07","5","5","1","10000","0.034","41","1","41","0","0.17","5.979"
"970","other","Erdos-Renyi (random)","10003","2000","6","0.07","5","5","1","10000","0.034","41","1","41","0","0.17","5.979"
"971","other","Erdos-Renyi (random)","10003","2000","6","0.07","5","5","1","10000","0.034","41","1","41","0","0.17","5.979"
"972","other","Erdos-Renyi (random)","10003","2000","6","0.07","5","5","1","10000","0.034","41","1","41","0","0.17","5.979"
"973","other","Erdos-Renyi (random)","10003","2000","6","0.07","5","5","1","10000","0.034","41","1","41","0","0.17","5.979"
"974","other","Erdos-Renyi (random)","10003","2000","6","0.07","5","5","1","10000","0.034","41","1","41","0","0.17","5.979"
"975","other","Erdos-Renyi (random)","10003","2000","6","0.07","5","5","1","10000","0.034","41","1","41","0","0.17","5.979"
"976","other","Erdos-Renyi (random)","10003","2000","6","0.07","5","5","1","10000","0.034","41","1","41","0","0.17","5.979"
"977","other","Erdos-Renyi (random)","10003","2000","6","0.07","5","5","1","10000","0.034","41","1","41","0","0.17","5.979"
"978","other","Erdos-Renyi (random)","10003","2000","6","0.07","5","5","1","10000","0.034","41","1","41","0","0.17","5.979"
"980","other","Erdos-Renyi (random)","10003","2000","6","0.07","5","5","1","10000","0.034","41","1","41","0","0.17","5.979"
"979","other","Erdos-Renyi (random)","10003","2000","6","0.07","5","5","1","10000","0.034","41","1","41","0","0.17","5.979"
"981","other","Erdos-Renyi (random)","10003","2000","6","0.07","5","5","1","10000","0.034","41","1","41","0","0.17","5.979"
"982","other","Erdos-Renyi (random)","10003","2000","6","0.07","5","5","1","10000","0.034","41","1","41","0","0.17","5.979"
"983","other","Erdos-Renyi (random)","10003","2000","6","0.07","5","5","1","10000","0.034","41","1","41","0","0.17","5.979"
"984","other","Erdos-Renyi (random)","10003","2000","6","0.07","5","5","1","10000","0.034","41","1","41","0","0.17","5.979"
"985","other","Erdos-Renyi (random)","10003","2000","6","0.07","5","5","1","10000","0.036","23","1","23","0","0.18","5.979"
"986","other","Erdos-Renyi (random)","10003","2000","6","0.07","5","5","1","10000","0.036","23","1","23","0","0.18","5.979"
"987","other","Erdos-Renyi (random)","10003","2000","6","0.07","5","5","1","10000","0.036","23","1","23","0","0.18","5.979"
"988","other","Erdos-Renyi (random)","10003","2000","6","0.07","5","5","1","10000","0.036","23","1","23","0","0.18","5.979"
"989","other","Erdos-Renyi (random)","10003","2000","6","0.07","5","5","1","10000","0.036","23","1","23","0","0.18","5.979"
"990","other","Erdos-Renyi (random)","10003","2000","6","0.07","5","5","1","10000","0.036","23","1","23","0","0.18","5.979"
"991","other","Erdos-Renyi (random)","10003","2000","6","0.07","5","5","1","10000","0.036","23","1","23","0","0.18","5.979"
"992","other","Erdos-Renyi (random)","10003","2000","6","0.07","5","5","1","10000","0.036","23","1","23","0","0.18","5.979"
"993","other","Erdos-Renyi (random)","10003","2000","6","0.07","5","5","1","10000","0.036","23","1","23","0","0.18","5.979"
"994","other","Erdos-Renyi (random)","10003","2000","6","0.07","5","5","1","10000","0.036","23","1","23","0","0.18","5.979"
"995","other","Erdos-Renyi (random)","10003","2000","6","0.07","5","5","1","10000","0.036","23","1","23","0","0.18","5.979"
"996","other","Erdos-Renyi (random)","10003","2000","6","0.07","5","5","1","10000","0.036","23","1","23","0","0.18","5.979"
"997","other","Erdos-Renyi (random)","10003","2000","6","0.07","5","5","1","10000","0.036","23","1","23","0","0.18","5.979"
"998","other","Erdos-Renyi (random)","10003","2000","6","0.07","5","5","1","10000","0.036","23","1","23","0","0.18","5.979"
"999","other","Erdos-Renyi (random)","10003","2000","6","0.07","5","5","1","10000","0.036","23","1","23","0","0.18","5.979"
"1000","other","Erdos-Renyi (random)","10003","2000","6","0.07","5","5","1","10000","0.036","23","1","23","0","0.18","5.979"
"1001","other","Erdos-Renyi (random)","10003","2000","6","0.07","5","5","1","10000","0.036","23","1","23","0","0.18","5.979"
"1002","other","Erdos-Renyi (random)","10003","2000","6","0.07","5","5","1","10000","0.036","23","1","23","0","0.18","5.979"
"1003","other","Erdos-Renyi (random)","10003","2000","6","0.07","5","5","1","10000","0.036","23","1","23","0","0.18","5.979"
"1004","other","Erdos-Renyi (random)","10003","2000","6","0.07","5","5","1","10000","0.036","23","1","23","0","0.18","5.979"
"1005","other","Erdos-Renyi (random)","10003","2000","6","0.07","5","5","1","10000","0.036","23","1","23","0","0.18","5.979"
"1006","other","Erdos-Renyi (random)","10003","2000","6","0.07","5","5","1","10000","0.036","23","1","23","0","0.18","5.979"
"1007","other","Erdos-Renyi (random)","10003","2000","6","0.07","5","5","1","10000","0.036","23","1","23","0","0.18","5.979"
"1008","other","Erdos-Renyi (random)","10003","2000","6","0.07","5","5","1","10000","0.036","23","1","23","0","0.18","5.979"
"1009","other","Erdos-Renyi (random)","10003","2000","6","0.07","5","5","1","10000","0.038","30","1","30","0","0.19","5.979"
"1010","other","Erdos-Renyi (random)","10003","2000","6","0.07","5","5","1","10000","0.038","30","1","30","0","0.19","5.979"
"1011","other","Erdos-Renyi (random)","10003","2000","6","0.07","5","5","1","10000","0.038","30","1","30","0","0.19","5.979"
"1012","other","Erdos-Renyi (random)","10003","2000","6","0.07","5","5","1","10000","0.038","30","1","30","0","0.19","5.979"
"1013","other","Erdos-Renyi (random)","10003","2000","6","0.07","5","5","1","10000","0.038","30","1","30","0","0.19","5.979"
"1014","other","Erdos-Renyi (random)","10003","2000","6","0.07","5","5","1","10000","0.038","30","1","30","0","0.19","5.979"
"1015","other","Erdos-Renyi (random)","10003","2000","6","0.07","5","5","1","10000","0.038","30","1","30","0","0.19","5.979"
"1016","other","Erdos-Renyi (random)","10003","2000","6","0.07","5","5","1","10000","0.038","30","1","30","0","0.19","5.979"
"1017","other","Erdos-Renyi (random)","10003","2000","6","0.07","5","5","1","10000","0.038","30","1","30","0","0.19","5.979"
"1018","other","Erdos-Renyi (random)","10003","2000","6","0.07","5","5","1","10000","0.038","30","1","30","0","0.19","5.979"
"1019","other","Erdos-Renyi (random)","10003","2000","6","0.07","5","5","1","10000","0.038","30","1","30","0","0.19","5.979"
"1020","other","Erdos-Renyi (random)","10003","2000","6","0.07","5","5","1","10000","0.038","30","1","30","0","0.19","5.979"
"1021","other","Erdos-Renyi (random)","10003","2000","6","0.07","5","5","1","10000","0.038","30","1","30","0","0.19","5.979"
"1022","other","Erdos-Renyi (random)","10003","2000","6","0.07","5","5","1","10000","0.038","30","1","30","0","0.19","5.979"
"1023","other","Erdos-Renyi (random)","10003","2000","6","0.07","5","5","1","10000","0.038","30","1","30","0","0.19","5.979"
"1024","other","Erdos-Renyi (random)","10003","2000","6","0.07","5","5","1","10000","0.038","30","1","30","0","0.19","5.979"
"1026","other","Erdos-Renyi (random)","10003","2000","6","0.07","5","5","1","10000","0.038","30","1","30","0","0.19","5.979"
"1025","other","Erdos-Renyi (random)","10003","2000","6","0.07","5","5","1","10000","0.038","30","1","30","0","0.19","5.979"
"1027","other","Erdos-Renyi (random)","10003","2000","6","0.07","5","5","1","10000","0.038","30","1","30","0","0.19","5.979"
"1028","other","Erdos-Renyi (random)","10003","2000","6","0.07","5","5","1","10000","0.038","30","1","30","0","0.19","5.979"
"1029","other","Erdos-Renyi (random)","10003","2000","6","0.07","5","5","1","10000","0.038","30","1","30","0","0.19","5.979"
"1030","other","Erdos-Renyi (random)","10003","2000","6","0.07","5","5","1","10000","0.038","30","1","30","0","0.19","5.979"
"1031","other","Erdos-Renyi (random)","10003","2000","6","0.07","5","5","1","10000","0.038","30","1","30","0","0.19","5.979"
"1032","other","Erdos-Renyi (random)","10003","2000","6","0.07","5","5","1","10000","0.038","30","1","30","0","0.19","5.979"
"1033","other","Erdos-Renyi (random)","10003","2000","6","0.07","5","5","1","10000","0.04","24","1","24","0","0.2","5.979"
"1034","other","Erdos-Renyi (random)","10003","2000","6","0.07","5","5","1","10000","0.04","24","1","24","0","0.2","5.979"
"1035","other","Erdos-Renyi (random)","10003","2000","6","0.07","5","5","1","10000","0.04","24","1","24","0","0.2","5.979"
"1036","other","Erdos-Renyi (random)","10003","2000","6","0.07","5","5","1","10000","0.04","24","1","24","0","0.2","5.979"
"1037","other","Erdos-Renyi (random)","10003","2000","6","0.07","5","5","1","10000","0.04","24","1","24","0","0.2","5.979"
"1038","other","Erdos-Renyi (random)","10003","2000","6","0.07","5","5","1","10000","0.04","24","1","24","0","0.2","5.979"
"1039","other","Erdos-Renyi (random)","10003","2000","6","0.07","5","5","1","10000","0.04","24","1","24","0","0.2","5.979"
"1040","other","Erdos-Renyi (random)","10003","2000","6","0.07","5","5","1","10000","0.04","24","1","24","0","0.2","5.979"
"1041","other","Erdos-Renyi (random)","10003","2000","6","0.07","5","5","1","10000","0.04","24","1","24","0","0.2","5.979"
"1042","other","Erdos-Renyi (random)","10003","2000","6","0.07","5","5","1","10000","0.04","24","1","24","0","0.2","5.979"
"1043","other","Erdos-Renyi (random)","10003","2000","6","0.07","5","5","1","10000","0.04","24","1","24","0","0.2","5.979"
"1045","other","Erdos-Renyi (random)","10003","2000","6","0.07","5","5","1","10000","0.04","24","1","24","0","0.2","5.979"
"1044","other","Erdos-Renyi (random)","10003","2000","6","0.07","5","5","1","10000","0.04","24","1","24","0","0.2","5.979"
"1046","other","Erdos-Renyi (random)","10003","2000","6","0.07","5","5","1","10000","0.04","24","1","24","0","0.2","5.979"
"1047","other","Erdos-Renyi (random)","10003","2000","6","0.07","5","5","1","10000","0.04","24","1","24","0","0.2","5.979"
"1048","other","Erdos-Renyi (random)","10003","2000","6","0.07","5","5","1","10000","0.04","24","1","24","0","0.2","5.979"
"1049","other","Erdos-Renyi (random)","10003","2000","6","0.07","5","5","1","10000","0.04","24","1","24","0","0.2","5.979"
"1050","other","Erdos-Renyi (random)","10003","2000","6","0.07","5","5","1","10000","0.04","24","1","24","0","0.2","5.979"
"1051","other","Erdos-Renyi (random)","10003","2000","6","0.07","5","5","1","10000","0.04","24","1","24","0","0.2","5.979"
"1052","other","Erdos-Renyi (random)","10003","2000","6","0.07","5","5","1","10000","0.04","24","1","24","0","0.2","5.979"
"1053","other","Erdos-Renyi (random)","10003","2000","6","0.07","5","5","1","10000","0.04","24","1","24","0","0.2","5.979"
"1054","other","Erdos-Renyi (random)","10003","2000","6","0.07","5","5","1","10000","0.04","24","1","24","0","0.2","5.979"
"1055","other","Erdos-Renyi (random)","10003","2000","6","0.07","5","5","1","10000","0.04","24","1","24","0","0.2","5.979"
"1056","other","Erdos-Renyi (random)","10003","2000","6","0.07","5","5","1","10000","0.04","24","1","24","0","0.2","5.979"
"1057","other","Erdos-Renyi (random)","10003","2000","6","0.07","5","5","1","10000","0.042","24","1","24","0","0.21000000000000002","5.979"
"1058","other","Erdos-Renyi (random)","10003","2000","6","0.07","5","5","1","10000","0.042","24","1","24","0","0.21000000000000002","5.979"
"1059","other","Erdos-Renyi (random)","10003","2000","6","0.07","5","5","1","10000","0.042","24","1","24","0","0.21000000000000002","5.979"
"1060","other","Erdos-Renyi (random)","10003","2000","6","0.07","5","5","1","10000","0.042","24","1","24","0","0.21000000000000002","5.979"
"1061","other","Erdos-Renyi (random)","10003","2000","6","0.07","5","5","1","10000","0.042","24","1","24","0","0.21000000000000002","5.979"
"1062","other","Erdos-Renyi (random)","10003","2000","6","0.07","5","5","1","10000","0.042","24","1","24","0","0.21000000000000002","5.979"
"1063","other","Erdos-Renyi (random)","10003","2000","6","0.07","5","5","1","10000","0.042","24","1","24","0","0.21000000000000002","5.979"
"1064","other","Erdos-Renyi (random)","10003","2000","6","0.07","5","5","1","10000","0.042","24","1","24","0","0.21000000000000002","5.979"
"1065","other","Erdos-Renyi (random)","10003","2000","6","0.07","5","5","1","10000","0.042","24","1","24","0","0.21000000000000002","5.979"
"1066","other","Erdos-Renyi (random)","10003","2000","6","0.07","5","5","1","10000","0.042","24","1","24","0","0.21000000000000002","5.979"
"1067","other","Erdos-Renyi (random)","10003","2000","6","0.07","5","5","1","10000","0.042","24","1","24","0","0.21000000000000002","5.979"
"1068","other","Erdos-Renyi (random)","10003","2000","6","0.07","5","5","1","10000","0.042","24","1","24","0","0.21000000000000002","5.979"
"1069","other","Erdos-Renyi (random)","10003","2000","6","0.07","5","5","1","10000","0.042","24","1","24","0","0.21000000000000002","5.979"
"1070","other","Erdos-Renyi (random)","10003","2000","6","0.07","5","5","1","10000","0.042","24","1","24","0","0.21000000000000002","5.979"
"1071","other","Erdos-Renyi (random)","10003","2000","6","0.07","5","5","1","10000","0.042","24","1","24","0","0.21000000000000002","5.979"
"1072","other","Erdos-Renyi (random)","10003","2000","6","0.07","5","5","1","10000","0.042","24","1","24","0","0.21000000000000002","5.979"
"1073","other","Erdos-Renyi (random)","10003","2000","6","0.07","5","5","1","10000","0.042","24","1","24","0","0.21000000000000002","5.979"
"1074","other","Erdos-Renyi (random)","10003","2000","6","0.07","5","5","1","10000","0.042","24","1","24","0","0.21000000000000002","5.979"
"1075","other","Erdos-Renyi (random)","10003","2000","6","0.07","5","5","1","10000","0.042","24","1","24","0","0.21000000000000002","5.979"
"1076","other","Erdos-Renyi (random)","10003","2000","6","0.07","5","5","1","10000","0.042","24","1","24","0","0.21000000000000002","5.979"
"1077","other","Erdos-Renyi (random)","10003","2000","6","0.07","5","5","1","10000","0.042","24","1","24","0","0.21000000000000002","5.979"
"1078","other","Erdos-Renyi (random)","10003","2000","6","0.07","5","5","1","10000","0.042","24","1","24","0","0.21000000000000002","5.979"
"1079","other","Erdos-Renyi (random)","10003","2000","6","0.07","5","5","1","10000","0.042","24","1","24","0","0.21000000000000002","5.979"
"1080","other","Erdos-Renyi (random)","10003","2000","6","0.07","5","5","1","10000","0.042","24","1","24","0","0.21000000000000002","5.979"
"1081","other","Erdos-Renyi (random)","10003","2000","6","0.07","5","5","1","10000","0.044","39","1","39","0","0.21999999999999997","5.979"
"1082","other","Erdos-Renyi (random)","10003","2000","6","0.07","5","5","1","10000","0.044","39","1","39","0","0.21999999999999997","5.979"
"1083","other","Erdos-Renyi (random)","10003","2000","6","0.07","5","5","1","10000","0.044","39","1","39","0","0.21999999999999997","5.979"
"1084","other","Erdos-Renyi (random)","10003","2000","6","0.07","5","5","1","10000","0.044","39","1","39","0","0.21999999999999997","5.979"
"1085","other","Erdos-Renyi (random)","10003","2000","6","0.07","5","5","1","10000","0.044","39","1","39","0","0.21999999999999997","5.979"
"1086","other","Erdos-Renyi (random)","10003","2000","6","0.07","5","5","1","10000","0.044","39","1","39","0","0.21999999999999997","5.979"
"1087","other","Erdos-Renyi (random)","10003","2000","6","0.07","5","5","1","10000","0.044","39","1","39","0","0.21999999999999997","5.979"
"1089","other","Erdos-Renyi (random)","10003","2000","6","0.07","5","5","1","10000","0.044","39","1","39","0","0.21999999999999997","5.979"
"1088","other","Erdos-Renyi (random)","10003","2000","6","0.07","5","5","1","10000","0.044","39","1","39","0","0.21999999999999997","5.979"
"1090","other","Erdos-Renyi (random)","10003","2000","6","0.07","5","5","1","10000","0.044","39","1","39","0","0.21999999999999997","5.979"
"1091","other","Erdos-Renyi (random)","10003","2000","6","0.07","5","5","1","10000","0.044","39","1","39","0","0.21999999999999997","5.979"
"1092","other","Erdos-Renyi (random)","10003","2000","6","0.07","5","5","1","10000","0.044","39","1","39","0","0.21999999999999997","5.979"
"1093","other","Erdos-Renyi (random)","10003","2000","6","0.07","5","5","1","10000","0.044","39","1","39","0","0.21999999999999997","5.979"
"1094","other","Erdos-Renyi (random)","10003","2000","6","0.07","5","5","1","10000","0.044","39","1","39","0","0.21999999999999997","5.979"
"1095","other","Erdos-Renyi (random)","10003","2000","6","0.07","5","5","1","10000","0.044","39","1","39","0","0.21999999999999997","5.979"
"1096","other","Erdos-Renyi (random)","10003","2000","6","0.07","5","5","1","10000","0.044","39","1","39","0","0.21999999999999997","5.979"
"1097","other","Erdos-Renyi (random)","10003","2000","6","0.07","5","5","1","10000","0.044","39","1","39","0","0.21999999999999997","5.979"
"1098","other","Erdos-Renyi (random)","10003","2000","6","0.07","5","5","1","10000","0.044","39","1","39","0","0.21999999999999997","5.979"
"1099","other","Erdos-Renyi (random)","10003","2000","6","0.07","5","5","1","10000","0.044","39","1","39","0","0.21999999999999997","5.979"
"1100","other","Erdos-Renyi (random)","10003","2000","6","0.07","5","5","1","10000","0.044","39","1","39","0","0.21999999999999997","5.979"
"1101","other","Erdos-Renyi (random)","10003","2000","6","0.07","5","5","1","10000","0.044","39","1","39","0","0.21999999999999997","5.979"
"1102","other","Erdos-Renyi (random)","10003","2000","6","0.07","5","5","1","10000","0.044","39","1","39","0","0.21999999999999997","5.979"
"1103","other","Erdos-Renyi (random)","10003","2000","6","0.07","5","5","1","10000","0.044","39","1","39","0","0.21999999999999997","5.979"
"1104","other","Erdos-Renyi (random)","10003","2000","6","0.07","5","5","1","10000","0.044","39","1","39","0","0.21999999999999997","5.979"
"1108","other","Erdos-Renyi (random)","10003","2000","6","0.07","5","5","1","10000","0.046","10000","0","10000","0","0.22999999999999998","5.979"
"1107","other","Erdos-Renyi (random)","10003","2000","6","0.07","5","5","1","10000","0.046","10000","0","10000","0","0.22999999999999998","5.979"
"1106","other","Erdos-Renyi (random)","10003","2000","6","0.07","5","5","1","10000","0.046","10000","0","10000","0","0.22999999999999998","5.979"
"1109","other","Erdos-Renyi (random)","10003","2000","6","0.07","5","5","1","10000","0.046","10000","0","10000","0","0.22999999999999998","5.979"
"1105","other","Erdos-Renyi (random)","10003","2000","6","0.07","5","5","1","10000","0.046","10000","0","10000","0","0.22999999999999998","5.979"
"1110","other","Erdos-Renyi (random)","10003","2000","6","0.07","5","5","1","10000","0.046","10000","0","10000","0","0.22999999999999998","5.979"
"1111","other","Erdos-Renyi (random)","10003","2000","6","0.07","5","5","1","10000","0.046","10000","0","10000","0","0.22999999999999998","5.979"
"1113","other","Erdos-Renyi (random)","10003","2000","6","0.07","5","5","1","10000","0.046","10000","0","10000","0","0.22999999999999998","5.979"
"1114","other","Erdos-Renyi (random)","10003","2000","6","0.07","5","5","1","10000","0.046","10000","0","10000","0","0.22999999999999998","5.979"
"1112","other","Erdos-Renyi (random)","10003","2000","6","0.07","5","5","1","10000","0.046","10000","0","10000","0","0.22999999999999998","5.979"
"1116","other","Erdos-Renyi (random)","10003","2000","6","0.07","5","5","1","10000","0.046","10000","0","10000","0","0.22999999999999998","5.979"
"1115","other","Erdos-Renyi (random)","10003","2000","6","0.07","5","5","1","10000","0.046","10000","0","10000","0","0.22999999999999998","5.979"
"1117","other","Erdos-Renyi (random)","10003","2000","6","0.07","5","5","1","10000","0.046","10000","0","10000","0","0.22999999999999998","5.979"
"1118","other","Erdos-Renyi (random)","10003","2000","6","0.07","5","5","1","10000","0.046","10000","0","10000","0","0.22999999999999998","5.979"
"1119","other","Erdos-Renyi (random)","10003","2000","6","0.07","5","5","1","10000","0.046","10000","0","10000","0","0.22999999999999998","5.979"
"1120","other","Erdos-Renyi (random)","10003","2000","6","0.07","5","5","1","10000","0.046","10000","0","10000","0","0.22999999999999998","5.979"
"1122","other","Erdos-Renyi (random)","10003","2000","6","0.07","5","5","1","10000","0.046","10000","0","10000","0","0.22999999999999998","5.979"
"1121","other","Erdos-Renyi (random)","10003","2000","6","0.07","5","5","1","10000","0.046","10000","0","10000","0","0.22999999999999998","5.979"
"1123","other","Erdos-Renyi (random)","10003","2000","6","0.07","5","5","1","10000","0.046","10000","0","10000","0","0.22999999999999998","5.979"
"1124","other","Erdos-Renyi (random)","10003","2000","6","0.07","5","5","1","10000","0.046","10000","0","10000","0","0.22999999999999998","5.979"
"1125","other","Erdos-Renyi (random)","10003","2000","6","0.07","5","5","1","10000","0.046","10000","0","10000","0","0.22999999999999998","5.979"
