bs_out_extinct,bs_out_final_tick,bs_out_late_mean_prevalence,infection_prob,recovery_mean,tau_sim,recovery_regime,run_seed,expt_seed,network_type,interconnection_structure
1.0,35.0,0.0011428571428571436,0.018,5.0,0.09,exponential,10001000001,10001,ER,other
1.0,10.0,0.0009000000000000001,0.018,5.0,0.09,exponential,10001000002,10001,ER,other
1.0,10.0,0.0011000000000000003,0.018,5.0,0.09,exponential,10001000000,10001,ER,other
1.0,11.0,0.0016363636363636365,0.018,5.0,0.09,exponential,10001000008,10001,ER,other
1.0,29.0,0.0014137931034482764,0.018,5.0,0.09,exponential,10001000009,10001,ER,other
1.0,22.0,0.002113636363636364,0.018,5.0,0.09,exponential,10001000010,10001,ER,other
1.0,22.0,0.0015909090909090916,0.018,5.0,0.09,exponential,10001000012,10001,ER,other
1.0,17.0,0.0015294117647058829,0.018,5.0,0.09,exponential,10001000011,10001,ER,other
1.0,26.0,0.0006538461538461542,0.018,5.0,0.09,exponential,10001000004,10001,ER,other
1.0,6.0,0.00125,0.018,5.0,0.09,exponential,10001000013,10001,ER,other
1.0,15.0,0.0015333333333333338,0.018,5.0,0.09,exponential,10001000015,10001,ER,other
1.0,13.0,0.0014230769230769232,0.018,5.0,0.09,exponential,10001000014,10001,ER,other
1.0,22.0,0.0007954545454545458,0.018,5.0,0.09,exponential,10001000018,10001,ER,other
1.0,10.0,0.00125,0.018,5.0,0.09,exponential,10001000017,10001,ER,other
1.0,40.0,0.0007250000000000004,0.018,5.0,0.09,exponential,10001000019,10001,ER,other
1.0,10.0,0.0006000000000000002,0.018,5.0,0.09,exponential,10001000020,10001,ER,other
1.0,5.0,0.0009000000000000001,0.018,5.0,0.09,exponential,10001000003,10001,ER,other
1.0,30.0,0.0009666666666666671,0.018,5.0,0.09,exponential,10001000016,10001,ER,other
1.0,27.0,0.0009444444444444449,0.018,5.0,0.09,exponential,10001000022,10001,ER,other
1.0,14.0,0.0011785714285714288,0.018,5.0,0.09,exponential,10001000021,10001,ER,other
1.0,43.0,0.0015000000000000007,0.018,5.0,0.09,exponential,10001000023,10001,ER,other
1.0,19.0,0.0013947368421052637,0.019999999999999997,5.0,0.09999999999999998,exponential,10001000024,10001,ER,other
1.0,52.0,0.0013076923076923085,0.019999999999999997,5.0,0.09999999999999998,exponential,10001000025,10001,ER,other
1.0,16.0,0.0015937500000000005,0.019999999999999997,5.0,0.09999999999999998,exponential,10001000028,10001,ER,other
1.0,10.0,0.0013999999999999998,0.019999999999999997,5.0,0.09999999999999998,exponential,10001000027,10001,ER,other
1.0,9.0,0.001388888888888889,0.019999999999999997,5.0,0.09999999999999998,exponential,10001000030,10001,ER,other
1.0,9.0,0.0007222222222222225,0.019999999999999997,5.0,0.09999999999999998,exponential,10001000026,10001,ER,other
1.0,40.0,0.0016625000000000008,0.019999999999999997,5.0,0.09999999999999998,exponential,10001000029,10001,ER,other
1.0,16.0,0.0014062500000000004,0.019999999999999997,5.0,0.09999999999999998,exponential,10001000031,10001,ER,other
1.0,16.0,0.0008437500000000003,0.019999999999999997,5.0,0.09999999999999998,exponential,10001000033,10001,ER,other
1.0,12.0,0.0010833333333333337,0.019999999999999997,5.0,0.09999999999999998,exponential,10001000035,10001,ER,other
1.0,10.0,0.00165,0.019999999999999997,5.0,0.09999999999999998,exponential,10001000034,10001,ER,other
1.0,16.0,0.0016562499999999997,0.019999999999999997,5.0,0.09999999999999998,exponential,10001000037,10001,ER,other
1.0,11.0,0.0007272727272727276,0.019999999999999997,5.0,0.09999999999999998,exponential,10001000038,10001,ER,other
1.0,28.0,0.002089285714285715,0.019999999999999997,5.0,0.09999999999999998,exponential,10001000039,10001,ER,other
1.0,46.0,0.0008695652173913049,0.019999999999999997,5.0,0.09999999999999998,exponential,10001000032,10001,ER,other
1.0,34.0,0.002161764705882354,0.019999999999999997,5.0,0.09999999999999998,exponential,10001000040,10001,ER,other
1.0,8.0,0.0008125000000000001,0.019999999999999997,5.0,0.09999999999999998,exponential,10001000041,10001,ER,other
1.0,8.0,0.00125,0.019999999999999997,5.0,0.09999999999999998,exponential,10001000044,10001,ER,other
1.0,6.0,0.00175,0.019999999999999997,5.0,0.09999999999999998,exponential,10001000042,10001,ER,other
1.0,48.0,0.0010104166666666673,0.019999999999999997,5.0,0.09999999999999998,exponential,10001000036,10001,ER,other
1.0,12.0,0.0010416666666666669,0.019999999999999997,5.0,0.09999999999999998,exponential,10001000046,10001,ER,other
1.0,35.0,0.0013428571428571433,0.019999999999999997,5.0,0.09999999999999998,exponential,10001000043,10001,ER,other
1.0,8.0,0.0013124999999999999,0.019999999999999997,5.0,0.09999999999999998,exponential,10001000045,10001,ER,other
1.0,30.0,0.0013666666666666675,0.019999999999999997,5.0,0.09999999999999998,exponential,10001000047,10001,ER,other
1.0,79.0,0.001525316455696203,0.021999999999999995,5.0,0.10999999999999997,exponential,10001000048,10001,ER,other
1.0,26.0,0.0013076923076923083,0.021999999999999995,5.0,0.10999999999999997,exponential,10001000050,10001,ER,other
1.0,33.0,0.0021818181818181828,0.021999999999999995,5.0,0.10999999999999997,exponential,10001000051,10001,ER,other
1.0,40.0,0.0011625000000000006,0.021999999999999995,5.0,0.10999999999999997,exponential,10001000052,10001,ER,other
1.0,23.0,0.0015652173913043486,0.021999999999999995,5.0,0.10999999999999997,exponential,10001000049,10001,ER,other
1.0,4.0,0.00075,0.021999999999999995,5.0,0.10999999999999997,exponential,10001000053,10001,ER,other
1.0,30.0,0.0008500000000000005,0.021999999999999995,5.0,0.10999999999999997,exponential,10001000054,10001,ER,other
1.0,26.0,0.0023653846153846164,0.021999999999999995,5.0,0.10999999999999997,exponential,10001000055,10001,ER,other
1.0,19.0,0.0019473684210526319,0.021999999999999995,5.0,0.10999999999999997,exponential,10001000057,10001,ER,other
1.0,5.0,0.0009000000000000001,0.021999999999999995,5.0,0.10999999999999997,exponential,10001000058,10001,ER,other
1.0,24.0,0.0012500000000000005,0.021999999999999995,5.0,0.10999999999999997,exponential,10001000060,10001,ER,other
1.0,11.0,0.0013181818181818184,0.021999999999999995,5.0,0.10999999999999997,exponential,10001000061,10001,ER,other
1.0,8.0,0.0018750000000000004,0.021999999999999995,5.0,0.10999999999999997,exponential,10001000062,10001,ER,other
1.0,15.0,0.0018666666666666673,0.021999999999999995,5.0,0.10999999999999997,exponential,10001000063,10001,ER,other
1.0,11.0,0.0008636363636363637,0.021999999999999995,5.0,0.10999999999999997,exponential,10001000064,10001,ER,other
1.0,34.0,0.0014411764705882357,0.021999999999999995,5.0,0.10999999999999997,exponential,10001000059,10001,ER,other
1.0,23.0,0.001586956521739131,0.021999999999999995,5.0,0.10999999999999997,exponential,10001000065,10001,ER,other
1.0,30.0,0.0011166666666666673,0.021999999999999995,5.0,0.10999999999999997,exponential,10001000067,10001,ER,other
1.0,31.0,0.0015000000000000007,0.021999999999999995,5.0,0.10999999999999997,exponential,10001000068,10001,ER,other
1.0,19.0,0.0020000000000000005,0.021999999999999995,5.0,0.10999999999999997,exponential,10001000056,10001,ER,other
1.0,29.0,0.0013793103448275868,0.021999999999999995,5.0,0.10999999999999997,exponential,10001000070,10001,ER,other
1.0,16.0,0.0013437500000000003,0.021999999999999995,5.0,0.10999999999999997,exponential,10001000071,10001,ER,other
1.0,7.0,0.0009285714285714287,0.021999999999999995,5.0,0.10999999999999997,exponential,10001000066,10001,ER,other
1.0,14.0,0.0009285714285714289,0.023999999999999994,5.0,0.11999999999999997,exponential,10001000073,10001,ER,other
1.0,18.0,0.0009444444444444447,0.023999999999999994,5.0,0.11999999999999997,exponential,10001000074,10001,ER,other
1.0,41.0,0.0013414634146341469,0.023999999999999994,5.0,0.11999999999999997,exponential,10001000075,10001,ER,other
1.0,20.0,0.0022250000000000004,0.023999999999999994,5.0,0.11999999999999997,exponential,10001000072,10001,ER,other
1.0,4.0,0.00075,0.023999999999999994,5.0,0.11999999999999997,exponential,10001000077,10001,ER,other
1.0,8.0,0.0016875000000000002,0.021999999999999995,5.0,0.10999999999999997,exponential,10001000069,10001,ER,other
1.0,15.0,0.0010000000000000005,0.023999999999999994,5.0,0.11999999999999997,exponential,10001000078,10001,ER,other
1.0,12.0,0.0007083333333333337,0.023999999999999994,5.0,0.11999999999999997,exponential,10001000076,10001,ER,other
1.0,18.0,0.002,0.023999999999999994,5.0,0.11999999999999997,exponential,10001000081,10001,ER,other
1.0,23.0,0.0012608695652173917,0.023999999999999994,5.0,0.11999999999999997,exponential,10001000079,10001,ER,other
1.0,29.0,0.0019310344827586211,0.023999999999999994,5.0,0.11999999999999997,exponential,10001000082,10001,ER,other
1.0,17.0,0.0009705882352941179,0.023999999999999994,5.0,0.11999999999999997,exponential,10001000083,10001,ER,other
1.0,13.0,0.0011923076923076924,0.023999999999999994,5.0,0.11999999999999997,exponential,10001000084,10001,ER,other
1.0,5.0,0.0008,0.023999999999999994,5.0,0.11999999999999997,exponential,10001000086,10001,ER,other
1.0,21.0,0.0007142857142857146,0.023999999999999994,5.0,0.11999999999999997,exponential,10001000085,10001,ER,other
1.0,54.0,0.0034074074074074093,0.023999999999999994,5.0,0.11999999999999997,exponential,10001000087,10001,ER,other
1.0,33.0,0.001257575757575758,0.023999999999999994,5.0,0.11999999999999997,exponential,10001000088,10001,ER,other
1.0,54.0,0.0017129629629629632,0.023999999999999994,5.0,0.11999999999999997,exponential,10001000089,10001,ER,other
1.0,10.0,0.0006000000000000002,0.023999999999999994,5.0,0.11999999999999997,exponential,10001000090,10001,ER,other
1.0,25.0,0.0006600000000000003,0.023999999999999994,5.0,0.11999999999999997,exponential,10001000091,10001,ER,other
1.0,18.0,0.0012500000000000002,0.023999999999999994,5.0,0.11999999999999997,exponential,10001000093,10001,ER,other
1.0,19.0,0.002631578947368422,0.023999999999999994,5.0,0.11999999999999997,exponential,10001000095,10001,ER,other
1.0,22.0,0.002477272727272728,0.023999999999999994,5.0,0.11999999999999997,exponential,10001000092,10001,ER,other
1.0,47.0,0.0012765957446808516,0.023999999999999994,5.0,0.11999999999999997,exponential,10001000080,10001,ER,other
1.0,27.0,0.0013518518518518526,0.023999999999999994,5.0,0.11999999999999997,exponential,10001000094,10001,ER,other
1.0,36.0,0.001194444444444445,0.025999999999999992,5.0,0.12999999999999995,exponential,10001000097,10001,ER,other
1.0,25.0,0.001920000000000001,0.025999999999999992,5.0,0.12999999999999995,exponential,10001000098,10001,ER,other
1.0,21.0,0.0012380952380952384,0.025999999999999992,5.0,0.12999999999999995,exponential,10001000099,10001,ER,other
1.0,14.0,0.0013571428571428573,0.025999999999999992,5.0,0.12999999999999995,exponential,10001000101,10001,ER,other
1.0,12.0,0.0012916666666666669,0.025999999999999992,5.0,0.12999999999999995,exponential,10001000100,10001,ER,other
1.0,22.0,0.0019772727272727277,0.025999999999999992,5.0,0.12999999999999995,exponential,10001000102,10001,ER,other
1.0,27.0,0.0022037037037037042,0.025999999999999992,5.0,0.12999999999999995,exponential,10001000103,10001,ER,other
1.0,20.0,0.0013750000000000006,0.025999999999999992,5.0,0.12999999999999995,exponential,10001000096,10001,ER,other
1.0,6.0,0.0004166666666666667,0.025999999999999992,5.0,0.12999999999999995,exponential,10001000104,10001,ER,other
1.0,23.0,0.0007391304347826091,0.025999999999999992,5.0,0.12999999999999995,exponential,10001000105,10001,ER,other
1.0,8.0,0.0011875,0.025999999999999992,5.0,0.12999999999999995,exponential,10001000107,10001,ER,other
1.0,44.0,0.0026477272727272743,0.025999999999999992,5.0,0.12999999999999995,exponential,10001000108,10001,ER,other
1.0,6.0,0.0010833333333333335,0.025999999999999992,5.0,0.12999999999999995,exponential,10001000109,10001,ER,other
1.0,7.0,0.0013571428571428573,0.025999999999999992,5.0,0.12999999999999995,exponential,10001000110,10001,ER,other
1.0,88.0,0.000886363636363637,0.025999999999999992,5.0,0.12999999999999995,exponential,10001000111,10001,ER,other
1.0,12.0,0.0008333333333333335,0.018,5.0,0.09,exponential,10001000006,10001,ER,other
1.0,41.0,0.0017804878048780493,0.025999999999999992,5.0,0.12999999999999995,exponential,10001000112,10001,ER,other
1.0,37.0,0.0018513513513513523,0.025999999999999992,5.0,0.12999999999999995,exponential,10001000114,10001,ER,other
1.0,63.0,0.0022698412698412716,0.025999999999999992,5.0,0.12999999999999995,exponential,10001000115,10001,ER,other
1.0,30.0,0.0017166666666666673,0.025999999999999992,5.0,0.12999999999999995,exponential,10001000116,10001,ER,other
1.0,18.0,0.0014166666666666672,0.018,5.0,0.09,exponential,10001000005,10001,ER,other
1.0,33.0,0.0011212121212121218,0.025999999999999992,5.0,0.12999999999999995,exponential,10001000117,10001,ER,other
1.0,31.0,0.0009032258064516134,0.025999999999999992,5.0,0.12999999999999995,exponential,10001000119,10001,ER,other
1.0,13.0,0.0011153846153846155,0.025999999999999992,5.0,0.12999999999999995,exponential,10001000106,10001,ER,other
1.0,9.0,0.0015000000000000002,0.02799999999999999,5.0,0.13999999999999996,exponential,10001000120,10001,ER,other
1.0,11.0,0.001363636363636364,0.025999999999999992,5.0,0.12999999999999995,exponential,10001000113,10001,ER,other
1.0,10.0,0.0010000000000000002,0.02799999999999999,5.0,0.13999999999999996,exponential,10001000121,10001,ER,other
1.0,5.0,0.0010000000000000002,0.02799999999999999,5.0,0.13999999999999996,exponential,10001000124,10001,ER,other
1.0,14.0,0.0005000000000000002,0.02799999999999999,5.0,0.13999999999999996,exponential,10001000125,10001,ER,other
1.0,9.0,0.0017777777777777779,0.02799999999999999,5.0,0.13999999999999996,exponential,10001000123,10001,ER,other
1.0,12.0,0.0006250000000000001,0.02799999999999999,5.0,0.13999999999999996,exponential,10001000126,10001,ER,other
1.0,21.0,0.001690476190476191,0.02799999999999999,5.0,0.13999999999999996,exponential,10001000127,10001,ER,other
1.0,15.0,0.0012666666666666672,0.02799999999999999,5.0,0.13999999999999996,exponential,10001000129,10001,ER,other
1.0,25.0,0.0012200000000000002,0.02799999999999999,5.0,0.13999999999999996,exponential,10001000130,10001,ER,other
1.0,17.0,0.0012058823529411766,0.02799999999999999,5.0,0.13999999999999996,exponential,10001000128,10001,ER,other
1.0,55.0,0.002163636363636365,0.02799999999999999,5.0,0.13999999999999996,exponential,10001000131,10001,ER,other
1.0,10.0,0.0016,0.025999999999999992,5.0,0.12999999999999995,exponential,10001000118,10001,ER,other
1.0,26.0,0.0014038461538461544,0.02799999999999999,5.0,0.13999999999999996,exponential,10001000133,10001,ER,other
1.0,47.0,0.001904255319148937,0.02799999999999999,5.0,0.13999999999999996,exponential,10001000135,10001,ER,other
1.0,8.0,0.0006250000000000001,0.02799999999999999,5.0,0.13999999999999996,exponential,10001000134,10001,ER,other
1.0,6.0,0.0006666666666666666,0.02799999999999999,5.0,0.13999999999999996,exponential,10001000136,10001,ER,other
1.0,40.0,0.002237500000000001,0.02799999999999999,5.0,0.13999999999999996,exponential,10001000138,10001,ER,other
1.0,13.0,0.0008461538461538464,0.02799999999999999,5.0,0.13999999999999996,exponential,10001000140,10001,ER,other
1.0,6.0,0.0009166666666666666,0.02799999999999999,5.0,0.13999999999999996,exponential,10001000139,10001,ER,other
1.0,18.0,0.0010833333333333335,0.02799999999999999,5.0,0.13999999999999996,exponential,10001000141,10001,ER,other
1.0,26.0,0.0017692307692307697,0.02999999999999999,5.0,0.14999999999999994,exponential,10001000144,10001,ER,other
1.0,20.0,0.0011000000000000003,0.02799999999999999,5.0,0.13999999999999996,exponential,10001000142,10001,ER,other
1.0,12.0,0.0010000000000000002,0.02799999999999999,5.0,0.13999999999999996,exponential,10001000143,10001,ER,other
1.0,29.0,0.0009137931034482764,0.02799999999999999,5.0,0.13999999999999996,exponential,10001000122,10001,ER,other
1.0,19.0,0.001421052631578948,0.02999999999999999,5.0,0.14999999999999994,exponential,10001000145,10001,ER,other
1.0,14.0,0.002035714285714286,0.02999999999999999,5.0,0.14999999999999994,exponential,10001000146,10001,ER,other
1.0,63.0,0.0029920634920634942,0.02999999999999999,5.0,0.14999999999999994,exponential,10001000147,10001,ER,other
1.0,6.0,0.0007500000000000001,0.02999999999999999,5.0,0.14999999999999994,exponential,10001000148,10001,ER,other
1.0,78.0,0.0029038461538461557,0.02999999999999999,5.0,0.14999999999999994,exponential,10001000149,10001,ER,other
1.0,7.0,0.001142857142857143,0.02999999999999999,5.0,0.14999999999999994,exponential,10001000151,10001,ER,other
1.0,34.0,0.0020294117647058833,0.02999999999999999,5.0,0.14999999999999994,exponential,10001000152,10001,ER,other
1.0,23.0,0.0011521739130434788,0.02999999999999999,5.0,0.14999999999999994,exponential,10001000150,10001,ER,other
1.0,32.0,0.003250000000000001,0.02999999999999999,5.0,0.14999999999999994,exponential,10001000156,10001,ER,other
1.0,30.0,0.0009166666666666671,0.02999999999999999,5.0,0.14999999999999994,exponential,10001000157,10001,ER,other
1.0,18.0,0.0006666666666666669,0.02799999999999999,5.0,0.13999999999999996,exponential,10001000132,10001,ER,other
1.0,109.0,0.0027614678899082587,0.02799999999999999,5.0,0.13999999999999996,exponential,10001000137,10001,ER,other
1.0,8.0,0.0010625,0.02999999999999999,5.0,0.14999999999999994,exponential,10001000158,10001,ER,other
1.0,11.0,0.001409090909090909,0.02999999999999999,5.0,0.14999999999999994,exponential,10001000159,10001,ER,other
1.0,33.0,0.0021212121212121223,0.02999999999999999,5.0,0.14999999999999994,exponential,10001000162,10001,ER,other
1.0,15.0,0.000966666666666667,0.02999999999999999,5.0,0.14999999999999994,exponential,10001000161,10001,ER,other
1.0,48.0,0.004250000000000002,0.02999999999999999,5.0,0.14999999999999994,exponential,10001000163,10001,ER,other
1.0,16.0,0.0018125000000000003,0.02999999999999999,5.0,0.14999999999999994,exponential,10001000153,10001,ER,other
1.0,52.0,0.0014326923076923084,0.02999999999999999,5.0,0.14999999999999994,exponential,10001000154,10001,ER,other
1.0,8.0,0.001375,0.018,5.0,0.09,exponential,10001000007,10001,ER,other
1.0,26.0,0.0025384615384615398,0.02999999999999999,5.0,0.14999999999999994,exponential,10001000155,10001,ER,other
1.0,7.0,0.0014285714285714288,0.02999999999999999,5.0,0.14999999999999994,exponential,10001000166,10001,ER,other
1.0,5.0,0.0010000000000000002,0.02999999999999999,5.0,0.14999999999999994,exponential,10001000167,10001,ER,other
1.0,11.0,0.0009545454545454548,0.03199999999999999,5.0,0.15999999999999992,exponential,10001000168,10001,ER,other
1.0,41.0,0.002207317073170732,0.02999999999999999,5.0,0.14999999999999994,exponential,10001000165,10001,ER,other
1.0,10.0,0.0009000000000000003,0.03199999999999999,5.0,0.15999999999999992,exponential,10001000170,10001,ER,other
1.0,63.0,0.0013333333333333342,0.03199999999999999,5.0,0.15999999999999992,exponential,10001000169,10001,ER,other
1.0,14.0,0.001571428571428572,0.03199999999999999,5.0,0.15999999999999992,exponential,10001000171,10001,ER,other
1.0,66.0,0.0014621212121212128,0.03199999999999999,5.0,0.15999999999999992,exponential,10001000172,10001,ER,other
1.0,95.0,0.0018789473684210534,0.03199999999999999,5.0,0.15999999999999992,exponential,10001000174,10001,ER,other
1.0,98.0,0.006734693877551013,0.03199999999999999,5.0,0.15999999999999992,exponential,10001000173,10001,ER,other
1.0,61.0,0.0016147540983606568,0.03199999999999999,5.0,0.15999999999999992,exponential,10001000175,10001,ER,other
1.0,103.0,0.003597087378640778,0.03199999999999999,5.0,0.15999999999999992,exponential,10001000177,10001,ER,other
1.0,161.0,0.008723602484472038,0.03199999999999999,5.0,0.15999999999999992,exponential,10001000176,10001,ER,other
1.0,28.0,0.0027678571428571435,0.03199999999999999,5.0,0.15999999999999992,exponential,10001000178,10001,ER,other
1.0,19.0,0.0010263157894736842,0.03199999999999999,5.0,0.15999999999999992,exponential,10001000180,10001,ER,other
1.0,82.0,0.0035487804878048803,0.03199999999999999,5.0,0.15999999999999992,exponential,10001000179,10001,ER,other
1.0,20.0,0.0010250000000000003,0.02999999999999999,5.0,0.14999999999999994,exponential,10001000160,10001,ER,other
1.0,13.0,0.001884615384615385,0.03199999999999999,5.0,0.15999999999999992,exponential,10001000181,10001,ER,other
1.0,9.0,0.0011111111111111113,0.03199999999999999,5.0,0.15999999999999992,exponential,10001000182,10001,ER,other
1.0,7.0,0.0012142857142857144,0.03199999999999999,5.0,0.15999999999999992,exponential,10001000185,10001,ER,other
1.0,41.0,0.0014634146341463423,0.03199999999999999,5.0,0.15999999999999992,exponential,10001000186,10001,ER,other
1.0,63.0,0.002031746031746033,0.03199999999999999,5.0,0.15999999999999992,exponential,10001000187,10001,ER,other
1.0,13.0,0.0012692307692307692,0.03199999999999999,5.0,0.15999999999999992,exponential,10001000188,10001,ER,other
1.0,21.0,0.0014047619047619054,0.03199999999999999,5.0,0.15999999999999992,exponential,10001000189,10001,ER,other
1.0,12.0,0.0012500000000000002,0.03199999999999999,5.0,0.15999999999999992,exponential,10001000190,10001,ER,other
1.0,9.0,0.0009444444444444445,0.03199999999999999,5.0,0.15999999999999992,exponential,10001000191,10001,ER,other
1.0,9.0,0.002,0.03399999999999999,5.0,0.16999999999999993,exponential,10001000192,10001,ER,other
1.0,107.0,0.00410280373831776,0.03399999999999999,5.0,0.16999999999999993,exponential,10001000193,10001,ER,other
1.0,14.0,0.000785714285714286,0.03399999999999999,5.0,0.16999999999999993,exponential,10001000194,10001,ER,other
1.0,7.0,0.0013571428571428573,0.03399999999999999,5.0,0.16999999999999993,exponential,10001000195,10001,ER,other
1.0,42.0,0.0011428571428571436,0.02999999999999999,5.0,0.14999999999999994,exponential,10001000164,10001,ER,other
1.0,47.0,0.0010000000000000007,0.03399999999999999,5.0,0.16999999999999993,exponential,10001000196,10001,ER,other
1.0,8.0,0.0019375,0.03399999999999999,5.0,0.16999999999999993,exponential,10001000197,10001,ER,other
1.0,149.0,0.004620805369127512,0.03399999999999999,5.0,0.16999999999999993,exponential,10001000198,10001,ER,other
1.0,82.0,0.0027317073170731723,0.03399999999999999,5.0,0.16999999999999993,exponential,10001000200,10001,ER,other
1.0,19.0,0.002631578947368422,0.03399999999999999,5.0,0.16999999999999993,exponential,10001000199,10001,ER,other
1.0,13.0,0.001076923076923077,0.03399999999999999,5.0,0.16999999999999993,exponential,10001000202,10001,ER,other
1.0,58.0,0.0025086206896551737,0.03399999999999999,5.0,0.16999999999999993,exponential,10001000204,10001,ER,other
1.0,18.0,0.0010277777777777778,0.03399999999999999,5.0,0.16999999999999993,exponential,10001000206,10001,ER,other
1.0,31.0,0.003419354838709679,0.03399999999999999,5.0,0.16999999999999993,exponential,10001000203,10001,ER,other
1.0,36.0,0.0012777777777777783,0.03399999999999999,5.0,0.16999999999999993,exponential,10001000207,10001,ER,other
1.0,7.0,0.0007142857142857144,0.03199999999999999,5.0,0.15999999999999992,exponential,10001000183,10001,ER,other
1.0,112.0,0.00491071428571428,0.03399999999999999,5.0,0.16999999999999993,exponential,10001000201,10001,ER,other
1.0,12.0,0.0008333333333333335,0.03199999999999999,5.0,0.15999999999999992,exponential,10001000184,10001,ER,other
1.0,48.0,0.0015416666666666675,0.03399999999999999,5.0,0.16999999999999993,exponential,10001000211,10001,ER,other
1.0,13.0,0.001230769230769231,0.03399999999999999,5.0,0.16999999999999993,exponential,10001000205,10001,ER,other
1.0,58.0,0.002732758620689656,0.03399999999999999,5.0,0.16999999999999993,exponential,10001000213,10001,ER,other
1.0,4.0,0.000625,0.03399999999999999,5.0,0.16999999999999993,exponential,10001000212,10001,ER,other
1.0,14.0,0.0009642857142857144,0.03399999999999999,5.0,0.16999999999999993,exponential,10001000214,10001,ER,other
1.0,22.0,0.001181818181818182,0.03399999999999999,5.0,0.16999999999999993,exponential,10001000215,10001,ER,other
1.0,88.0,0.0022727272727272744,0.03599999999999998,5.0,0.1799999999999999,exponential,10001000217,10001,ER,other
1.0,19.0,0.0008947368421052634,0.03599999999999998,5.0,0.1799999999999999,exponential,10001000216,10001,ER,other
1.0,51.0,0.002323529411764707,0.03599999999999998,5.0,0.1799999999999999,exponential,10001000218,10001,ER,other
1.0,6.0,0.00225,0.03599999999999998,5.0,0.1799999999999999,exponential,10001000219,10001,ER,other
1.0,12.0,0.0019166666666666666,0.03599999999999998,5.0,0.1799999999999999,exponential,10001000220,10001,ER,other
1.0,49.0,0.005265306122448982,0.03399999999999999,5.0,0.16999999999999993,exponential,10001000208,10001,ER,other
1.0,5.0,0.0006000000000000001,0.03599999999999998,5.0,0.1799999999999999,exponential,10001000221,10001,ER,other
1.0,33.0,0.0015757575757575763,0.03599999999999998,5.0,0.1799999999999999,exponential,10001000222,10001,ER,other
1.0,52.0,0.0014519230769230776,0.03599999999999998,5.0,0.1799999999999999,exponential,10001000224,10001,ER,other
1.0,12.0,0.001583333333333334,0.03599999999999998,5.0,0.1799999999999999,exponential,10001000223,10001,ER,other
1.0,128.0,0.005886718749999988,0.03599999999999998,5.0,0.1799999999999999,exponential,10001000225,10001,ER,other
1.0,30.0,0.0009333333333333336,0.03599999999999998,5.0,0.1799999999999999,exponential,10001000226,10001,ER,other
1.0,3.0,0.0005,0.03599999999999998,5.0,0.1799999999999999,exponential,10001000227,10001,ER,other
1.0,16.0,0.0023750000000000004,0.03599999999999998,5.0,0.1799999999999999,exponential,10001000228,10001,ER,other
1.0,11.0,0.0013181818181818182,0.03599999999999998,5.0,0.1799999999999999,exponential,10001000231,10001,ER,other
1.0,89.0,0.002337078651685395,0.03599999999999998,5.0,0.1799999999999999,exponential,10001000232,10001,ER,other
1.0,363.0,0.006054999999999985,0.03599999999999998,5.0,0.1799999999999999,exponential,10001000229,10001,ER,other
1.0,16.0,0.0010000000000000002,0.03399999999999999,5.0,0.16999999999999993,exponential,10001000209,10001,ER,other
1.0,221.0,0.009149999999999983,0.03599999999999998,5.0,0.1799999999999999,exponential,10001000233,10001,ER,other
1.0,843.0,0.006967499999999993,0.03599999999999998,5.0,0.1799999999999999,exponential,10001000230,10001,ER,other
1.0,28.0,0.0031785714285714295,0.03599999999999998,5.0,0.1799999999999999,exponential,10001000235,10001,ER,other
1.0,81.0,0.0022716049382716067,0.03599999999999998,5.0,0.1799999999999999,exponential,10001000236,10001,ER,other
1.0,87.0,0.002304597701149427,0.03599999999999998,5.0,0.1799999999999999,exponential,10001000234,10001,ER,other
1.0,19.0,0.001210526315789474,0.03799999999999998,5.0,0.1899999999999999,exponential,10001000240,10001,ER,other
1.0,16.0,0.0013750000000000004,0.03599999999999998,5.0,0.1799999999999999,exponential,10001000239,10001,ER,other
1.0,302.0,0.007337499999999977,0.03599999999999998,5.0,0.1799999999999999,exponential,10001000238,10001,ER,other
1.0,25.0,0.0009800000000000004,0.03799999999999998,5.0,0.1899999999999999,exponential,10001000243,10001,ER,other
1.0,7.0,0.0014285714285714288,0.03799999999999998,5.0,0.1899999999999999,exponential,10001000244,10001,ER,other
1.0,14.0,0.0016428571428571434,0.03799999999999998,5.0,0.1899999999999999,exponential,10001000241,10001,ER,other
1.0,618.0,0.005184999999999985,0.03799999999999998,5.0,0.1899999999999999,exponential,10001000242,10001,ER,other
1.0,12.0,0.0011666666666666668,0.03799999999999998,5.0,0.1899999999999999,exponential,10001000245,10001,ER,other
1.0,81.0,0.002969135802469138,0.03399999999999999,5.0,0.16999999999999993,exponential,10001000210,10001,ER,other
1.0,144.0,0.005447916666666657,0.03799999999999998,5.0,0.1899999999999999,exponential,10001000248,10001,ER,other
1.0,14.0,0.0013571428571428573,0.03799999999999998,5.0,0.1899999999999999,exponential,10001000247,10001,ER,other
1.0,31.0,0.0019354838709677424,0.03799999999999998,5.0,0.1899999999999999,exponential,10001000249,10001,ER,other
1.0,31.0,0.0017096774193548394,0.03599999999999998,5.0,0.1799999999999999,exponential,10001000237,10001,ER,other
1.0,37.0,0.001378378378378379,0.03799999999999998,5.0,0.1899999999999999,exponential,10001000252,10001,ER,other
1.0,410.0,0.011529999999999993,0.03799999999999998,5.0,0.1899999999999999,exponential,10001000251,10001,ER,other
1.0,389.0,0.008669999999999988,0.03799999999999998,5.0,0.1899999999999999,exponential,10001000253,10001,ER,other
1.0,112.0,0.004852678571428571,0.03799999999999998,5.0,0.1899999999999999,exponential,10001000254,10001,ER,other
1.0,36.0,0.0015416666666666675,0.03799999999999998,5.0,0.1899999999999999,exponential,10001000258,10001,ER,other
1.0,9.0,0.0012222222222222222,0.03799999999999998,5.0,0.1899999999999999,exponential,10001000259,10001,ER,other
1.0,9.0,0.0012222222222222226,0.03799999999999998,5.0,0.1899999999999999,exponential,10001000256,10001,ER,other
1.0,19.0,0.0016842105263157896,0.03799999999999998,5.0,0.1899999999999999,exponential,10001000261,10001,ER,other
1.0,40.0,0.001712500000000001,0.03799999999999998,5.0,0.1899999999999999,exponential,10001000246,10001,ER,other
1.0,57.0,0.0014210526315789483,0.03799999999999998,5.0,0.1899999999999999,exponential,10001000262,10001,ER,other
1.0,27.0,0.0007962962962962966,0.03799999999999998,5.0,0.1899999999999999,exponential,10001000255,10001,ER,other
1.0,20.0,0.0014250000000000003,0.03999999999999998,5.0,0.1999999999999999,exponential,10001000264,10001,ER,other
1.0,10.0,0.0010500000000000002,0.03999999999999998,5.0,0.1999999999999999,exponential,10001000268,10001,ER,other
1.0,65.0,0.0023230769230769242,0.03799999999999998,5.0,0.1899999999999999,exponential,10001000263,10001,ER,other
1.0,6.0,0.001,0.03999999999999998,5.0,0.1999999999999999,exponential,10001000269,10001,ER,other
1.0,70.0,0.003228571428571431,0.03999999999999998,5.0,0.1999999999999999,exponential,10001000270,10001,ER,other
1.0,1221.0,0.008202499999999984,0.03799999999999998,5.0,0.1899999999999999,exponential,10001000260,10001,ER,other
1.0,2385.0,0.01686249999999999,0.03799999999999998,5.0,0.1899999999999999,exponential,10001000250,10001,ER,other
1.0,11.0,0.0010454545454545454,0.03999999999999998,5.0,0.1999999999999999,exponential,10001000274,10001,ER,other
1.0,9.0,0.0006666666666666669,0.03999999999999998,5.0,0.1999999999999999,exponential,10001000275,10001,ER,other
1.0,57.0,0.0022192982456140367,0.03999999999999998,5.0,0.1999999999999999,exponential,10001000276,10001,ER,other
1.0,73.0,0.004712328767123291,0.03999999999999998,5.0,0.1999999999999999,exponential,10001000277,10001,ER,other
1.0,4612.0,0.009814999999999989,0.03799999999999998,5.0,0.1899999999999999,exponential,10001000257,10001,ER,other
1.0,41.0,0.0013902439024390252,0.03999999999999998,5.0,0.1999999999999999,exponential,10001000279,10001,ER,other
0.0,10000.0,0.05602749999999999,0.03999999999999998,5.0,0.1999999999999999,exponential,10001000272,10001,ER,other
0.0,10000.0,0.071205,0.03999999999999998,5.0,0.1999999999999999,exponential,10001000266,10001,ER,other
1.0,27.0,0.0010555555555555557,0.03999999999999998,5.0,0.1999999999999999,exponential,10001000281,10001,ER,other
0.0,10000.0,0.09269749999999996,0.03999999999999998,5.0,0.1999999999999999,exponential,10001000271,10001,ER,other
0.0,10000.0,0.09248749999999994,0.03999999999999998,5.0,0.1999999999999999,exponential,10001000265,10001,ER,other
0.0,10000.0,0.09935500000000001,0.03999999999999998,5.0,0.1999999999999999,exponential,10001000267,10001,ER,other
1.0,73.0,0.002486301369863015,0.03999999999999998,5.0,0.1999999999999999,exponential,10001000284,10001,ER,other
1.0,21.0,0.0011428571428571432,0.03999999999999998,5.0,0.1999999999999999,exponential,10001000286,10001,ER,other
1.0,17.0,0.0020000000000000005,0.03999999999999998,5.0,0.1999999999999999,exponential,10001000287,10001,ER,other
1.0,31.0,0.0016451612903225815,0.04199999999999998,5.0,0.2099999999999999,exponential,10001000288,10001,ER,other
0.0,10000.0,0.08206750000000002,0.03999999999999998,5.0,0.1999999999999999,exponential,10001000273,10001,ER,other
0.0,10000.0,0.08555500000000002,0.03999999999999998,5.0,0.1999999999999999,exponential,10001000278,10001,ER,other
1.0,14.0,0.0018571428571428573,0.04199999999999998,5.0,0.2099999999999999,exponential,10001000292,10001,ER,other
1.0,6.0,0.0015833333333333335,0.04199999999999998,5.0,0.2099999999999999,exponential,10001000293,10001,ER,other
1.0,19.0,0.001894736842105263,0.04199999999999998,5.0,0.2099999999999999,exponential,10001000294,10001,ER,other
1.0,50.0,0.0024100000000000016,0.04199999999999998,5.0,0.2099999999999999,exponential,10001000295,10001,ER,other
0.0,10000.0,0.082835,0.03999999999999998,5.0,0.1999999999999999,exponential,10001000280,10001,ER,other
1.0,13.0,0.0016538461538461542,0.04199999999999998,5.0,0.2099999999999999,exponential,10001000297,10001,ER,other
1.0,12.0,0.0013750000000000001,0.04199999999999998,5.0,0.2099999999999999,exponential,10001000298,10001,ER,other
0.0,10000.0,0.07574249999999999,0.03999999999999998,5.0,0.1999999999999999,exponential,10001000283,10001,ER,other
0.0,10000.0,0.10052499999999992,0.03999999999999998,5.0,0.1999999999999999,exponential,10001000282,10001,ER,other
1.0,38.0,0.0028026315789473695,0.04199999999999998,5.0,0.2099999999999999,exponential,10001000301,10001,ER,other
0.0,10000.0,0.07888500000000001,0.03999999999999998,5.0,0.1999999999999999,exponential,10001000285,10001,ER,other
0.0,10000.0,0.10966250000000004,0.04199999999999998,5.0,0.2099999999999999,exponential,10001000289,10001,ER,other
0.0,10000.0,0.10637750000000006,0.04199999999999998,5.0,0.2099999999999999,exponential,10001000290,10001,ER,other
1.0,16.0,0.0013750000000000004,0.04199999999999998,5.0,0.2099999999999999,exponential,10001000304,10001,ER,other
1.0,83.0,0.0016867469879518083,0.04199999999999998,5.0,0.2099999999999999,exponential,10001000305,10001,ER,other
1.0,14.0,0.0011785714285714288,0.04199999999999998,5.0,0.2099999999999999,exponential,10001000306,10001,ER,other
0.0,10000.0,0.09400750000000002,0.04199999999999998,5.0,0.2099999999999999,exponential,10001000291,10001,ER,other
0.0,10000.0,0.10937250000000005,0.04199999999999998,5.0,0.2099999999999999,exponential,10001000296,10001,ER,other
1.0,34.0,0.0021323529411764715,0.04199999999999998,5.0,0.2099999999999999,exponential,10001000310,10001,ER,other
0.0,10000.0,0.11674249999999997,0.04199999999999998,5.0,0.2099999999999999,exponential,10001000299,10001,ER,other
0.0,10000.0,0.12189000000000001,0.04199999999999998,5.0,0.2099999999999999,exponential,10001000302,10001,ER,other
0.0,10000.0,0.12304749999999995,0.04199999999999998,5.0,0.2099999999999999,exponential,10001000300,10001,ER,other
1.0,25.0,0.0015000000000000007,0.04399999999999998,5.0,0.2199999999999999,exponential,10001000314,10001,ER,other
1.0,71.0,0.0030070422535211287,0.04399999999999998,5.0,0.2199999999999999,exponential,10001000315,10001,ER,other
1.0,29.0,0.0020172413793103456,0.04399999999999998,5.0,0.2199999999999999,exponential,10001000316,10001,ER,other
0.0,10000.0,0.11503500000000005,0.04199999999999998,5.0,0.2099999999999999,exponential,10001000308,10001,ER,other
0.0,10000.0,0.12385,0.04199999999999998,5.0,0.2099999999999999,exponential,10001000307,10001,ER,other
0.0,10000.0,0.12222999999999998,0.04199999999999998,5.0,0.2099999999999999,exponential,10001000303,10001,ER,other
0.0,10000.0,0.10922249999999999,0.04199999999999998,5.0,0.2099999999999999,exponential,10001000309,10001,ER,other
1.0,3.0,0.0006666666666666666,0.04399999999999998,5.0,0.2199999999999999,exponential,10001000321,10001,ER,other
0.0,10000.0,0.13309500000000007,0.04199999999999998,5.0,0.2099999999999999,exponential,10001000311,10001,ER,other
0.0,10000.0,0.149945,0.04399999999999998,5.0,0.2199999999999999,exponential,10001000313,10001,ER,other
1.0,14.0,0.0012500000000000005,0.04399999999999998,5.0,0.2199999999999999,exponential,10001000324,10001,ER,other
0.0,10000.0,0.1456250000000001,0.04399999999999998,5.0,0.2199999999999999,exponential,10001000317,10001,ER,other
1.0,6.0,0.0008333333333333334,0.04399999999999998,5.0,0.2199999999999999,exponential,10001000326,10001,ER,other
0.0,10000.0,0.1271575,0.04399999999999998,5.0,0.2199999999999999,exponential,10001000312,10001,ER,other
1.0,11.0,0.0007272727272727276,0.04399999999999998,5.0,0.2199999999999999,exponential,10001000328,10001,ER,other
0.0,10000.0,0.13107499999999997,0.04399999999999998,5.0,0.2199999999999999,exponential,10001000318,10001,ER,other
0.0,10000.0,0.15197250000000004,0.04399999999999998,5.0,0.2199999999999999,exponential,10001000319,10001,ER,other
1.0,12.0,0.0015416666666666669,0.04399999999999998,5.0,0.2199999999999999,exponential,10001000331,10001,ER,other
0.0,10000.0,0.13919749999999992,0.04399999999999998,5.0,0.2199999999999999,exponential,10001000320,10001,ER,other
0.0,10000.0,0.15089249999999998,0.04399999999999998,5.0,0.2199999999999999,exponential,10001000322,10001,ER,other
1.0,4.0,0.000625,0.04399999999999998,5.0,0.2199999999999999,exponential,10001000334,10001,ER,other
0.0,10000.0,0.14499750000000003,0.04399999999999998,5.0,0.2199999999999999,exponential,10001000323,10001,ER,other
1.0,77.0,0.0026818181818181836,0.04599999999999997,5.0,0.22999999999999987,exponential,10001000336,10001,ER,other
1.0,4.0,0.0005,0.04599999999999997,5.0,0.22999999999999987,exponential,10001000337,10001,ER,other
0.0,10000.0,0.1501975,0.04399999999999998,5.0,0.2199999999999999,exponential,10001000325,10001,ER,other
0.0,10000.0,0.14907499999999987,0.04399999999999998,5.0,0.2199999999999999,exponential,10001000327,10001,ER,other
1.0,40.0,0.0025625000000000014,0.04599999999999997,5.0,0.22999999999999987,exponential,10001000340,10001,ER,other
0.0,10000.0,0.14559500000000006,0.04399999999999998,5.0,0.2199999999999999,exponential,10001000329,10001,ER,other
0.0,10000.0,0.15587499999999996,0.04399999999999998,5.0,0.2199999999999999,exponential,10001000330,10001,ER,other
0.0,10000.0,0.13434,0.04399999999999998,5.0,0.2199999999999999,exponential,10001000332,10001,ER,other
1.0,46.0,0.002250000000000001,0.04599999999999997,5.0,0.22999999999999987,exponential,10001000344,10001,ER,other
0.0,10000.0,0.15125249999999998,0.04399999999999998,5.0,0.2199999999999999,exponential,10001000333,10001,ER,other
1.0,38.0,0.0017236842105263165,0.04599999999999997,5.0,0.22999999999999987,exponential,10001000345,10001,ER,other
1.0,19.0,0.0012894736842105267,0.04599999999999997,5.0,0.22999999999999987,exponential,10001000347,10001,ER,other
1.0,9.0,0.0013333333333333335,0.04599999999999997,5.0,0.22999999999999987,exponential,10001000348,10001,ER,other
0.0,10000.0,0.14610000000000004,0.04399999999999998,5.0,0.2199999999999999,exponential,10001000335,10001,ER,other
0.0,10000.0,0.18420249999999994,0.04599999999999997,5.0,0.22999999999999987,exponential,10001000338,10001,ER,other
0.0,10000.0,0.17154499999999998,0.04599999999999997,5.0,0.22999999999999987,exponential,10001000339,10001,ER,other
0.0,10000.0,0.1811399999999999,0.04599999999999997,5.0,0.22999999999999987,exponential,10001000341,10001,ER,other
1.0,25.0,0.0012200000000000004,0.04599999999999997,5.0,0.22999999999999987,exponential,10001000353,10001,ER,other
0.0,10000.0,0.18812999999999996,0.04599999999999997,5.0,0.22999999999999987,exponential,10001000342,10001,ER,other
0.0,10000.0,0.1771224999999998,0.04599999999999997,5.0,0.22999999999999987,exponential,10001000349,10001,ER,other
0.0,10000.0,0.18143749999999995,0.04599999999999997,5.0,0.22999999999999987,exponential,10001000343,10001,ER,other
1.0,49.0,0.0019081632653061235,0.04599999999999997,5.0,0.22999999999999987,exponential,10001000357,10001,ER,other
1.0,26.0,0.002596153846153847,0.04599999999999997,5.0,0.22999999999999987,exponential,10001000358,10001,ER,other
0.0,10000.0,0.17245249999999995,0.04599999999999997,5.0,0.22999999999999987,exponential,10001000346,10001,ER,other
1.0,27.0,0.0017037037037037045,0.04799999999999997,5.0,0.23999999999999988,exponential,10001000360,10001,ER,other
0.0,10000.0,0.18263249999999992,0.04599999999999997,5.0,0.22999999999999987,exponential,10001000352,10001,ER,other
1.0,15.0,0.0016,0.04799999999999997,5.0,0.23999999999999988,exponential,10001000362,10001,ER,other
0.0,10000.0,0.17140750000000005,0.04599999999999997,5.0,0.22999999999999987,exponential,10001000354,10001,ER,other
1.0,10.0,0.0014000000000000002,0.04799999999999997,5.0,0.23999999999999988,exponential,10001000364,10001,ER,other
1.0,19.0,0.0010000000000000002,0.04799999999999997,5.0,0.23999999999999988,exponential,10001000365,10001,ER,other
1.0,22.0,0.0012727272727272732,0.04799999999999997,5.0,0.23999999999999988,exponential,10001000366,10001,ER,other
1.0,19.0,0.0014473684210526319,0.04799999999999997,5.0,0.23999999999999988,exponential,10001000367,10001,ER,other
0.0,10000.0,0.18756749999999997,0.04599999999999997,5.0,0.22999999999999987,exponential,10001000355,10001,ER,other
0.0,10000.0,0.17511750000000004,0.04599999999999997,5.0,0.22999999999999987,exponential,10001000350,10001,ER,other
0.0,10000.0,0.1791675,0.04599999999999997,5.0,0.22999999999999987,exponential,10001000356,10001,ER,other
0.0,10000.0,0.17368249999999996,0.04599999999999997,5.0,0.22999999999999987,exponential,10001000351,10001,ER,other
0.0,10000.0,0.1806375000000001,0.04599999999999997,5.0,0.22999999999999987,exponential,10001000359,10001,ER,other
1.0,18.0,0.0018333333333333337,0.04799999999999997,5.0,0.23999999999999988,exponential,10001000373,10001,ER,other
0.0,10000.0,0.20650750000000007,0.04799999999999997,5.0,0.23999999999999988,exponential,10001000361,10001,ER,other
0.0,10000.0,0.19120749999999997,0.04799999999999997,5.0,0.23999999999999988,exponential,10001000363,10001,ER,other
0.0,10000.0,0.2052225000000001,0.04799999999999997,5.0,0.23999999999999988,exponential,10001000368,10001,ER,other
1.0,12.0,0.0010416666666666667,0.04799999999999997,5.0,0.23999999999999988,exponential,10001000377,10001,ER,other
0.0,10000.0,0.20011750000000003,0.04799999999999997,5.0,0.23999999999999988,exponential,10001000369,10001,ER,other
0.0,10000.0,0.18842250000000021,0.04799999999999997,5.0,0.23999999999999988,exponential,10001000372,10001,ER,other
1.0,40.0,0.0016750000000000005,0.04799999999999997,5.0,0.23999999999999988,exponential,10001000380,10001,ER,other
0.0,10000.0,0.20424750000000003,0.04799999999999997,5.0,0.23999999999999988,exponential,10001000370,10001,ER,other
0.0,10000.0,0.20836750000000007,0.04799999999999997,5.0,0.23999999999999988,exponential,10001000374,10001,ER,other
0.0,10000.0,0.19038750000000007,0.04799999999999997,5.0,0.23999999999999988,exponential,10001000371,10001,ER,other
1.0,9.0,0.003222222222222222,0.018,5.0,0.09,power_law_tang,10001000384,10001,ER,other
1.0,30.0,0.000933333333333334,0.018,5.0,0.09,power_law_tang,10001000385,10001,ER,other
1.0,6.0,0.00175,0.018,5.0,0.09,power_law_tang,10001000386,10001,ER,other
1.0,12.0,0.0013333333333333333,0.018,5.0,0.09,power_law_tang,10001000387,10001,ER,other
1.0,11.0,0.0010000000000000002,0.018,5.0,0.09,power_law_tang,10001000388,10001,ER,other
1.0,7.0,0.0018571428571428573,0.018,5.0,0.09,power_law_tang,10001000389,10001,ER,other
1.0,16.0,0.0012812500000000005,0.018,5.0,0.09,power_law_tang,10001000390,10001,ER,other
1.0,7.0,0.002142857142857143,0.018,5.0,0.09,power_law_tang,10001000391,10001,ER,other
1.0,14.0,0.0013928571428571432,0.018,5.0,0.09,power_law_tang,10001000392,10001,ER,other
1.0,7.0,0.0020714285714285713,0.018,5.0,0.09,power_law_tang,10001000393,10001,ER,other
1.0,9.0,0.001388888888888889,0.018,5.0,0.09,power_law_tang,10001000394,10001,ER,other
1.0,9.0,0.001666666666666667,0.018,5.0,0.09,power_law_tang,10001000395,10001,ER,other
1.0,13.0,0.0016923076923076928,0.018,5.0,0.09,power_law_tang,10001000396,10001,ER,other
1.0,11.0,0.0020454545454545456,0.018,5.0,0.09,power_law_tang,10001000397,10001,ER,other
1.0,10.0,0.0017500000000000003,0.018,5.0,0.09,power_law_tang,10001000398,10001,ER,other
1.0,8.0,0.0011875000000000002,0.018,5.0,0.09,power_law_tang,10001000399,10001,ER,other
1.0,9.0,0.0015,0.018,5.0,0.09,power_law_tang,10001000400,10001,ER,other
1.0,10.0,0.00165,0.018,5.0,0.09,power_law_tang,10001000401,10001,ER,other
1.0,9.0,0.0017222222222222222,0.018,5.0,0.09,power_law_tang,10001000402,10001,ER,other
1.0,7.0,0.0016428571428571427,0.018,5.0,0.09,power_law_tang,10001000403,10001,ER,other
1.0,8.0,0.0020625,0.018,5.0,0.09,power_law_tang,10001000404,10001,ER,other
1.0,7.0,0.0017857142857142859,0.018,5.0,0.09,power_law_tang,10001000405,10001,ER,other
1.0,7.0,0.0014285714285714288,0.018,5.0,0.09,power_law_tang,10001000406,10001,ER,other
1.0,11.0,0.0018181818181818186,0.018,5.0,0.09,power_law_tang,10001000407,10001,ER,other
1.0,10.0,0.0015500000000000004,0.019999999999999997,5.0,0.09999999999999998,power_law_tang,10001000408,10001,ER,other
1.0,6.0,0.001666666666666667,0.019999999999999997,5.0,0.09999999999999998,power_law_tang,10001000409,10001,ER,other
1.0,11.0,0.0020000000000000005,0.019999999999999997,5.0,0.09999999999999998,power_law_tang,10001000410,10001,ER,other
1.0,18.0,0.001277777777777778,0.019999999999999997,5.0,0.09999999999999998,power_law_tang,10001000411,10001,ER,other
0.0,10000.0,0.19508749999999997,0.04799999999999997,5.0,0.23999999999999988,exponential,10001000375,10001,ER,other
1.0,6.0,0.0015833333333333333,0.019999999999999997,5.0,0.09999999999999998,power_law_tang,10001000412,10001,ER,other
1.0,6.0,0.001666666666666667,0.019999999999999997,5.0,0.09999999999999998,power_law_tang,10001000414,10001,ER,other
1.0,19.0,0.001421052631578948,0.019999999999999997,5.0,0.09999999999999998,power_law_tang,10001000413,10001,ER,other
1.0,7.0,0.0013571428571428573,0.019999999999999997,5.0,0.09999999999999998,power_law_tang,10001000415,10001,ER,other
1.0,22.0,0.0011590909090909095,0.019999999999999997,5.0,0.09999999999999998,power_law_tang,10001000416,10001,ER,other
1.0,22.0,0.0015454545454545458,0.019999999999999997,5.0,0.09999999999999998,power_law_tang,10001000417,10001,ER,other
1.0,11.0,0.0016818181818181821,0.019999999999999997,5.0,0.09999999999999998,power_law_tang,10001000419,10001,ER,other
1.0,7.0,0.0014999999999999998,0.019999999999999997,5.0,0.09999999999999998,power_law_tang,10001000418,10001,ER,other
1.0,12.0,0.0013333333333333337,0.019999999999999997,5.0,0.09999999999999998,power_law_tang,10001000420,10001,ER,other
1.0,13.0,0.0014230769230769232,0.019999999999999997,5.0,0.09999999999999998,power_law_tang,10001000421,10001,ER,other
1.0,36.0,0.0012638888888888895,0.019999999999999997,5.0,0.09999999999999998,power_law_tang,10001000422,10001,ER,other
1.0,5.0,0.0023,0.019999999999999997,5.0,0.09999999999999998,power_law_tang,10001000423,10001,ER,other
1.0,21.0,0.0013571428571428578,0.019999999999999997,5.0,0.09999999999999998,power_law_tang,10001000424,10001,ER,other
1.0,19.0,0.0011578947368421056,0.019999999999999997,5.0,0.09999999999999998,power_law_tang,10001000425,10001,ER,other
1.0,7.0,0.0020000000000000005,0.019999999999999997,5.0,0.09999999999999998,power_law_tang,10001000426,10001,ER,other
1.0,11.0,0.0014090909090909093,0.019999999999999997,5.0,0.09999999999999998,power_law_tang,10001000427,10001,ER,other
1.0,11.0,0.0012272727272727277,0.019999999999999997,5.0,0.09999999999999998,power_law_tang,10001000428,10001,ER,other
1.0,23.0,0.002260869565217392,0.019999999999999997,5.0,0.09999999999999998,power_law_tang,10001000429,10001,ER,other
1.0,5.0,0.0017000000000000001,0.019999999999999997,5.0,0.09999999999999998,power_law_tang,10001000430,10001,ER,other
1.0,8.0,0.0016875000000000002,0.019999999999999997,5.0,0.09999999999999998,power_law_tang,10001000431,10001,ER,other
1.0,9.0,0.0017222222222222224,0.021999999999999995,5.0,0.10999999999999997,power_law_tang,10001000432,10001,ER,other
1.0,9.0,0.0017222222222222222,0.021999999999999995,5.0,0.10999999999999997,power_law_tang,10001000433,10001,ER,other
1.0,15.0,0.0015666666666666667,0.021999999999999995,5.0,0.10999999999999997,power_law_tang,10001000434,10001,ER,other
1.0,26.0,0.001288461538461539,0.021999999999999995,5.0,0.10999999999999997,power_law_tang,10001000435,10001,ER,other
1.0,7.0,0.0025714285714285717,0.021999999999999995,5.0,0.10999999999999997,power_law_tang,10001000436,10001,ER,other
1.0,12.0,0.0013750000000000001,0.021999999999999995,5.0,0.10999999999999997,power_law_tang,10001000437,10001,ER,other
1.0,5.0,0.0020000000000000005,0.021999999999999995,5.0,0.10999999999999997,power_law_tang,10001000438,10001,ER,other
1.0,12.0,0.0017500000000000005,0.021999999999999995,5.0,0.10999999999999997,power_law_tang,10001000439,10001,ER,other
1.0,6.0,0.0015833333333333335,0.021999999999999995,5.0,0.10999999999999997,power_law_tang,10001000440,10001,ER,other
1.0,19.0,0.001315789473684211,0.021999999999999995,5.0,0.10999999999999997,power_law_tang,10001000441,10001,ER,other
1.0,18.0,0.0017500000000000005,0.021999999999999995,5.0,0.10999999999999997,power_law_tang,10001000443,10001,ER,other
1.0,10.0,0.0024000000000000002,0.021999999999999995,5.0,0.10999999999999997,power_law_tang,10001000442,10001,ER,other
1.0,21.0,0.0024047619047619056,0.021999999999999995,5.0,0.10999999999999997,power_law_tang,10001000444,10001,ER,other
1.0,10.0,0.0018000000000000002,0.021999999999999995,5.0,0.10999999999999997,power_law_tang,10001000445,10001,ER,other
1.0,7.0,0.0017142857142857144,0.021999999999999995,5.0,0.10999999999999997,power_law_tang,10001000446,10001,ER,other
1.0,20.0,0.0018750000000000006,0.021999999999999995,5.0,0.10999999999999997,power_law_tang,10001000447,10001,ER,other
1.0,5.0,0.0017000000000000001,0.021999999999999995,5.0,0.10999999999999997,power_law_tang,10001000448,10001,ER,other
1.0,11.0,0.0016818181818181821,0.021999999999999995,5.0,0.10999999999999997,power_law_tang,10001000449,10001,ER,other
1.0,12.0,0.0019166666666666672,0.021999999999999995,5.0,0.10999999999999997,power_law_tang,10001000450,10001,ER,other
1.0,22.0,0.001295454545454546,0.021999999999999995,5.0,0.10999999999999997,power_law_tang,10001000451,10001,ER,other
1.0,12.0,0.0011666666666666668,0.021999999999999995,5.0,0.10999999999999997,power_law_tang,10001000452,10001,ER,other
1.0,6.0,0.0015833333333333335,0.021999999999999995,5.0,0.10999999999999997,power_law_tang,10001000454,10001,ER,other
1.0,25.0,0.00218,0.021999999999999995,5.0,0.10999999999999997,power_law_tang,10001000453,10001,ER,other
1.0,4.0,0.001875,0.021999999999999995,5.0,0.10999999999999997,power_law_tang,10001000455,10001,ER,other
1.0,9.0,0.0018333333333333335,0.023999999999999994,5.0,0.11999999999999997,power_law_tang,10001000456,10001,ER,other
1.0,52.0,0.001375000000000001,0.023999999999999994,5.0,0.11999999999999997,power_law_tang,10001000457,10001,ER,other
1.0,5.0,0.0017000000000000001,0.023999999999999994,5.0,0.11999999999999997,power_law_tang,10001000458,10001,ER,other
1.0,17.0,0.002823529411764707,0.023999999999999994,5.0,0.11999999999999997,power_law_tang,10001000460,10001,ER,other
1.0,11.0,0.0012272727272727277,0.023999999999999994,5.0,0.11999999999999997,power_law_tang,10001000461,10001,ER,other
1.0,12.0,0.0012916666666666669,0.023999999999999994,5.0,0.11999999999999997,power_law_tang,10001000462,10001,ER,other
1.0,11.0,0.0016363636363636365,0.023999999999999994,5.0,0.11999999999999997,power_law_tang,10001000459,10001,ER,other
1.0,28.0,0.0026250000000000015,0.023999999999999994,5.0,0.11999999999999997,power_law_tang,10001000463,10001,ER,other
1.0,9.0,0.0016111111111111113,0.023999999999999994,5.0,0.11999999999999997,power_law_tang,10001000464,10001,ER,other
1.0,7.0,0.0015,0.023999999999999994,5.0,0.11999999999999997,power_law_tang,10001000466,10001,ER,other
1.0,12.0,0.0027499999999999994,0.023999999999999994,5.0,0.11999999999999997,power_law_tang,10001000465,10001,ER,other
1.0,16.0,0.0009687500000000004,0.023999999999999994,5.0,0.11999999999999997,power_law_tang,10001000467,10001,ER,other
1.0,15.0,0.0025333333333333336,0.023999999999999994,5.0,0.11999999999999997,power_law_tang,10001000468,10001,ER,other
1.0,66.0,0.00356818181818182,0.023999999999999994,5.0,0.11999999999999997,power_law_tang,10001000469,10001,ER,other
1.0,10.0,0.0026,0.023999999999999994,5.0,0.11999999999999997,power_law_tang,10001000470,10001,ER,other
1.0,14.0,0.0016071428571428575,0.023999999999999994,5.0,0.11999999999999997,power_law_tang,10001000471,10001,ER,other
1.0,23.0,0.0011956521739130439,0.023999999999999994,5.0,0.11999999999999997,power_law_tang,10001000472,10001,ER,other
1.0,6.0,0.0014166666666666668,0.023999999999999994,5.0,0.11999999999999997,power_law_tang,10001000474,10001,ER,other
1.0,18.0,0.004472222222222223,0.023999999999999994,5.0,0.11999999999999997,power_law_tang,10001000475,10001,ER,other
1.0,23.0,0.001304347826086957,0.023999999999999994,5.0,0.11999999999999997,power_law_tang,10001000473,10001,ER,other
1.0,12.0,0.002041666666666667,0.023999999999999994,5.0,0.11999999999999997,power_law_tang,10001000476,10001,ER,other
1.0,19.0,0.001473684210526316,0.023999999999999994,5.0,0.11999999999999997,power_law_tang,10001000477,10001,ER,other
1.0,10.0,0.0023,0.023999999999999994,5.0,0.11999999999999997,power_law_tang,10001000479,10001,ER,other
1.0,26.0,0.0016538461538461546,0.023999999999999994,5.0,0.11999999999999997,power_law_tang,10001000478,10001,ER,other
1.0,14.0,0.0019285714285714288,0.025999999999999992,5.0,0.12999999999999995,power_law_tang,10001000480,10001,ER,other
1.0,22.0,0.001636363636363637,0.025999999999999992,5.0,0.12999999999999995,power_law_tang,10001000481,10001,ER,other
1.0,9.0,0.0025,0.025999999999999992,5.0,0.12999999999999995,power_law_tang,10001000482,10001,ER,other
1.0,9.0,0.0017777777777777779,0.025999999999999992,5.0,0.12999999999999995,power_law_tang,10001000483,10001,ER,other
1.0,9.0,0.0022222222222222227,0.025999999999999992,5.0,0.12999999999999995,power_law_tang,10001000484,10001,ER,other
1.0,12.0,0.001958333333333333,0.025999999999999992,5.0,0.12999999999999995,power_law_tang,10001000486,10001,ER,other
1.0,14.0,0.0015357142857142859,0.025999999999999992,5.0,0.12999999999999995,power_law_tang,10001000485,10001,ER,other
1.0,9.0,0.0019444444444444446,0.025999999999999992,5.0,0.12999999999999995,power_law_tang,10001000487,10001,ER,other
1.0,12.0,0.0019166666666666666,0.025999999999999992,5.0,0.12999999999999995,power_law_tang,10001000488,10001,ER,other
1.0,11.0,0.0018181818181818186,0.025999999999999992,5.0,0.12999999999999995,power_law_tang,10001000490,10001,ER,other
1.0,14.0,0.002071428571428572,0.025999999999999992,5.0,0.12999999999999995,power_law_tang,10001000489,10001,ER,other
1.0,14.0,0.0011071428571428573,0.025999999999999992,5.0,0.12999999999999995,power_law_tang,10001000491,10001,ER,other
1.0,8.0,0.0015625,0.025999999999999992,5.0,0.12999999999999995,power_law_tang,10001000492,10001,ER,other
1.0,17.0,0.0010882352941176475,0.025999999999999992,5.0,0.12999999999999995,power_law_tang,10001000493,10001,ER,other
1.0,34.0,0.0033235294117647074,0.025999999999999992,5.0,0.12999999999999995,power_law_tang,10001000494,10001,ER,other
1.0,7.0,0.0017857142857142859,0.025999999999999992,5.0,0.12999999999999995,power_law_tang,10001000495,10001,ER,other
1.0,8.0,0.0025000000000000005,0.025999999999999992,5.0,0.12999999999999995,power_law_tang,10001000496,10001,ER,other
1.0,15.0,0.0025,0.025999999999999992,5.0,0.12999999999999995,power_law_tang,10001000498,10001,ER,other
0.0,10000.0,0.2022049999999999,0.04799999999999997,5.0,0.23999999999999988,exponential,10001000378,10001,ER,other
1.0,17.0,0.0016470588235294125,0.025999999999999992,5.0,0.12999999999999995,power_law_tang,10001000497,10001,ER,other
1.0,14.0,0.0026071428571428574,0.025999999999999992,5.0,0.12999999999999995,power_law_tang,10001000499,10001,ER,other
1.0,16.0,0.0015937500000000005,0.025999999999999992,5.0,0.12999999999999995,power_law_tang,10001000500,10001,ER,other
1.0,9.0,0.0014444444444444446,0.025999999999999992,5.0,0.12999999999999995,power_law_tang,10001000501,10001,ER,other
1.0,13.0,0.0016538461538461542,0.025999999999999992,5.0,0.12999999999999995,power_law_tang,10001000502,10001,ER,other
1.0,12.0,0.0018750000000000006,0.025999999999999992,5.0,0.12999999999999995,power_law_tang,10001000503,10001,ER,other
1.0,72.0,0.0024236111111111125,0.02799999999999999,5.0,0.13999999999999996,power_law_tang,10001000504,10001,ER,other
1.0,21.0,0.0017380952380952382,0.02799999999999999,5.0,0.13999999999999996,power_law_tang,10001000505,10001,ER,other
1.0,38.0,0.0034210526315789484,0.02799999999999999,5.0,0.13999999999999996,power_law_tang,10001000507,10001,ER,other
1.0,18.0,0.0025000000000000005,0.02799999999999999,5.0,0.13999999999999996,power_law_tang,10001000506,10001,ER,other
1.0,16.0,0.0018125000000000003,0.02799999999999999,5.0,0.13999999999999996,power_law_tang,10001000509,10001,ER,other
1.0,14.0,0.0014285714285714288,0.02799999999999999,5.0,0.13999999999999996,power_law_tang,10001000508,10001,ER,other
1.0,24.0,0.001729166666666667,0.02799999999999999,5.0,0.13999999999999996,power_law_tang,10001000510,10001,ER,other
1.0,10.0,0.0026000000000000003,0.02799999999999999,5.0,0.13999999999999996,power_law_tang,10001000512,10001,ER,other
1.0,30.0,0.0026166666666666673,0.02799999999999999,5.0,0.13999999999999996,power_law_tang,10001000511,10001,ER,other
1.0,42.0,0.0027380952380952396,0.02799999999999999,5.0,0.13999999999999996,power_law_tang,10001000513,10001,ER,other
1.0,6.0,0.0024166666666666664,0.02799999999999999,5.0,0.13999999999999996,power_law_tang,10001000514,10001,ER,other
1.0,21.0,0.001642857142857143,0.02799999999999999,5.0,0.13999999999999996,power_law_tang,10001000515,10001,ER,other
1.0,30.0,0.0018500000000000005,0.02799999999999999,5.0,0.13999999999999996,power_law_tang,10001000517,10001,ER,other
1.0,23.0,0.0018043478260869573,0.02799999999999999,5.0,0.13999999999999996,power_law_tang,10001000516,10001,ER,other
0.0,10000.0,0.2102999999999999,0.04799999999999997,5.0,0.23999999999999988,exponential,10001000376,10001,ER,other
1.0,29.0,0.001137931034482759,0.02799999999999999,5.0,0.13999999999999996,power_law_tang,10001000518,10001,ER,other
1.0,21.0,0.002333333333333334,0.02799999999999999,5.0,0.13999999999999996,power_law_tang,10001000520,10001,ER,other
1.0,25.0,0.0026800000000000005,0.02799999999999999,5.0,0.13999999999999996,power_law_tang,10001000521,10001,ER,other
1.0,30.0,0.003600000000000001,0.02799999999999999,5.0,0.13999999999999996,power_law_tang,10001000519,10001,ER,other
1.0,20.0,0.0014500000000000006,0.02799999999999999,5.0,0.13999999999999996,power_law_tang,10001000522,10001,ER,other
1.0,14.0,0.002035714285714286,0.02799999999999999,5.0,0.13999999999999996,power_law_tang,10001000523,10001,ER,other
1.0,6.0,0.0016666666666666663,0.02799999999999999,5.0,0.13999999999999996,power_law_tang,10001000524,10001,ER,other
1.0,48.0,0.0019791666666666677,0.02799999999999999,5.0,0.13999999999999996,power_law_tang,10001000525,10001,ER,other
1.0,12.0,0.001416666666666667,0.02799999999999999,5.0,0.13999999999999996,power_law_tang,10001000526,10001,ER,other
1.0,8.0,0.0021249999999999997,0.02799999999999999,5.0,0.13999999999999996,power_law_tang,10001000527,10001,ER,other
1.0,15.0,0.0016333333333333339,0.02999999999999999,5.0,0.14999999999999994,power_law_tang,10001000528,10001,ER,other
1.0,9.0,0.0017222222222222226,0.02999999999999999,5.0,0.14999999999999994,power_law_tang,10001000529,10001,ER,other
1.0,12.0,0.002375,0.02999999999999999,5.0,0.14999999999999994,power_law_tang,10001000531,10001,ER,other
1.0,44.0,0.0020000000000000013,0.02999999999999999,5.0,0.14999999999999994,power_law_tang,10001000532,10001,ER,other
1.0,12.0,0.001791666666666667,0.02999999999999999,5.0,0.14999999999999994,power_law_tang,10001000530,10001,ER,other
1.0,14.0,0.0026428571428571434,0.02999999999999999,5.0,0.14999999999999994,power_law_tang,10001000534,10001,ER,other
1.0,29.0,0.0022413793103448288,0.02999999999999999,5.0,0.14999999999999994,power_law_tang,10001000533,10001,ER,other
1.0,30.0,0.0025833333333333337,0.02999999999999999,5.0,0.14999999999999994,power_law_tang,10001000535,10001,ER,other
1.0,7.0,0.0018571428571428573,0.02999999999999999,5.0,0.14999999999999994,power_law_tang,10001000536,10001,ER,other
1.0,15.0,0.0013333333333333335,0.02999999999999999,5.0,0.14999999999999994,power_law_tang,10001000537,10001,ER,other
1.0,23.0,0.0034782608695652175,0.02999999999999999,5.0,0.14999999999999994,power_law_tang,10001000538,10001,ER,other
1.0,19.0,0.0026842105263157902,0.02999999999999999,5.0,0.14999999999999994,power_law_tang,10001000539,10001,ER,other
1.0,21.0,0.0023095238095238104,0.02999999999999999,5.0,0.14999999999999994,power_law_tang,10001000541,10001,ER,other
1.0,9.0,0.0017777777777777779,0.02999999999999999,5.0,0.14999999999999994,power_law_tang,10001000542,10001,ER,other
1.0,42.0,0.004654761904761907,0.02999999999999999,5.0,0.14999999999999994,power_law_tang,10001000540,10001,ER,other
1.0,14.0,0.0015714285714285715,0.02999999999999999,5.0,0.14999999999999994,power_law_tang,10001000543,10001,ER,other
1.0,11.0,0.0026363636363636363,0.02999999999999999,5.0,0.14999999999999994,power_law_tang,10001000545,10001,ER,other
1.0,24.0,0.0023958333333333344,0.02999999999999999,5.0,0.14999999999999994,power_law_tang,10001000546,10001,ER,other
1.0,31.0,0.0023709677419354847,0.02999999999999999,5.0,0.14999999999999994,power_law_tang,10001000547,10001,ER,other
1.0,13.0,0.0019230769230769236,0.02999999999999999,5.0,0.14999999999999994,power_law_tang,10001000544,10001,ER,other
1.0,8.0,0.0020625,0.02999999999999999,5.0,0.14999999999999994,power_law_tang,10001000548,10001,ER,other
1.0,13.0,0.002,0.02999999999999999,5.0,0.14999999999999994,power_law_tang,10001000549,10001,ER,other
1.0,24.0,0.0030625000000000006,0.02999999999999999,5.0,0.14999999999999994,power_law_tang,10001000550,10001,ER,other
1.0,8.0,0.0019375000000000004,0.02999999999999999,5.0,0.14999999999999994,power_law_tang,10001000551,10001,ER,other
1.0,7.0,0.0019285714285714288,0.03199999999999999,5.0,0.15999999999999992,power_law_tang,10001000553,10001,ER,other
1.0,30.0,0.0032500000000000007,0.03199999999999999,5.0,0.15999999999999992,power_law_tang,10001000554,10001,ER,other
1.0,6.0,0.002,0.03199999999999999,5.0,0.15999999999999992,power_law_tang,10001000552,10001,ER,other
1.0,44.0,0.0019772727272727286,0.03199999999999999,5.0,0.15999999999999992,power_law_tang,10001000555,10001,ER,other
1.0,13.0,0.002,0.03199999999999999,5.0,0.15999999999999992,power_law_tang,10001000556,10001,ER,other
1.0,10.0,0.0017000000000000001,0.03199999999999999,5.0,0.15999999999999992,power_law_tang,10001000558,10001,ER,other
1.0,21.0,0.0025952380952380958,0.03199999999999999,5.0,0.15999999999999992,power_law_tang,10001000557,10001,ER,other
1.0,7.0,0.0017857142857142859,0.03199999999999999,5.0,0.15999999999999992,power_law_tang,10001000559,10001,ER,other
1.0,6.0,0.0019166666666666666,0.03199999999999999,5.0,0.15999999999999992,power_law_tang,10001000560,10001,ER,other
1.0,21.0,0.002023809523809524,0.03199999999999999,5.0,0.15999999999999992,power_law_tang,10001000562,10001,ER,other
1.0,28.0,0.0017321428571428577,0.03199999999999999,5.0,0.15999999999999992,power_law_tang,10001000561,10001,ER,other
1.0,41.0,0.002048780487804879,0.03199999999999999,5.0,0.15999999999999992,power_law_tang,10001000563,10001,ER,other
1.0,66.0,0.002462121212121214,0.03199999999999999,5.0,0.15999999999999992,power_law_tang,10001000564,10001,ER,other
1.0,27.0,0.0027777777777777783,0.03199999999999999,5.0,0.15999999999999992,power_law_tang,10001000565,10001,ER,other
1.0,15.0,0.0016666666666666672,0.03199999999999999,5.0,0.15999999999999992,power_law_tang,10001000566,10001,ER,other
1.0,23.0,0.0011956521739130439,0.03199999999999999,5.0,0.15999999999999992,power_law_tang,10001000568,10001,ER,other
1.0,33.0,0.0018333333333333342,0.03199999999999999,5.0,0.15999999999999992,power_law_tang,10001000567,10001,ER,other
1.0,40.0,0.001950000000000001,0.03199999999999999,5.0,0.15999999999999992,power_law_tang,10001000569,10001,ER,other
1.0,88.0,0.007249999999999996,0.03199999999999999,5.0,0.15999999999999992,power_law_tang,10001000570,10001,ER,other
1.0,21.0,0.0025476190476190486,0.03199999999999999,5.0,0.15999999999999992,power_law_tang,10001000571,10001,ER,other
1.0,9.0,0.0014999999999999998,0.03199999999999999,5.0,0.15999999999999992,power_law_tang,10001000572,10001,ER,other
1.0,43.0,0.00496511627906977,0.03199999999999999,5.0,0.15999999999999992,power_law_tang,10001000573,10001,ER,other
1.0,19.0,0.002842105263157896,0.03199999999999999,5.0,0.15999999999999992,power_law_tang,10001000574,10001,ER,other
1.0,22.0,0.002090909090909091,0.03399999999999999,5.0,0.16999999999999993,power_law_tang,10001000576,10001,ER,other
1.0,14.0,0.0016428571428571434,0.03199999999999999,5.0,0.15999999999999992,power_law_tang,10001000575,10001,ER,other
1.0,58.0,0.002370689655172415,0.03399999999999999,5.0,0.16999999999999993,power_law_tang,10001000577,10001,ER,other
1.0,76.0,0.009684210526315785,0.03399999999999999,5.0,0.16999999999999993,power_law_tang,10001000579,10001,ER,other
1.0,39.0,0.0025897435897435906,0.03399999999999999,5.0,0.16999999999999993,power_law_tang,10001000578,10001,ER,other
1.0,60.0,0.004433333333333336,0.03399999999999999,5.0,0.16999999999999993,power_law_tang,10001000580,10001,ER,other
1.0,13.0,0.003961538461538462,0.03399999999999999,5.0,0.16999999999999993,power_law_tang,10001000582,10001,ER,other
1.0,67.0,0.005805970149253736,0.03399999999999999,5.0,0.16999999999999993,power_law_tang,10001000583,10001,ER,other
1.0,42.0,0.003821428571428573,0.03399999999999999,5.0,0.16999999999999993,power_law_tang,10001000584,10001,ER,other
1.0,6.0,0.0025833333333333333,0.03399999999999999,5.0,0.16999999999999993,power_law_tang,10001000581,10001,ER,other
1.0,26.0,0.0015576923076923083,0.03399999999999999,5.0,0.16999999999999993,power_law_tang,10001000585,10001,ER,other
1.0,30.0,0.002200000000000001,0.03399999999999999,5.0,0.16999999999999993,power_law_tang,10001000586,10001,ER,other
1.0,19.0,0.002447368421052632,0.03399999999999999,5.0,0.16999999999999993,power_law_tang,10001000587,10001,ER,other
1.0,16.0,0.0023437500000000003,0.03399999999999999,5.0,0.16999999999999993,power_law_tang,10001000589,10001,ER,other
1.0,80.0,0.002743750000000002,0.03399999999999999,5.0,0.16999999999999993,power_law_tang,10001000590,10001,ER,other
1.0,10.0,0.0016,0.03399999999999999,5.0,0.16999999999999993,power_law_tang,10001000591,10001,ER,other
1.0,10.0,0.00235,0.03399999999999999,5.0,0.16999999999999993,power_law_tang,10001000588,10001,ER,other
1.0,29.0,0.005034482758620692,0.03399999999999999,5.0,0.16999999999999993,power_law_tang,10001000592,10001,ER,other
1.0,33.0,0.0021818181818181823,0.03399999999999999,5.0,0.16999999999999993,power_law_tang,10001000593,10001,ER,other
1.0,109.0,0.004339449541284407,0.03399999999999999,5.0,0.16999999999999993,power_law_tang,10001000594,10001,ER,other
1.0,16.0,0.0024687500000000005,0.03399999999999999,5.0,0.16999999999999993,power_law_tang,10001000596,10001,ER,other
1.0,53.0,0.0020000000000000013,0.03399999999999999,5.0,0.16999999999999993,power_law_tang,10001000597,10001,ER,other
1.0,11.0,0.0020000000000000005,0.03399999999999999,5.0,0.16999999999999993,power_law_tang,10001000598,10001,ER,other
1.0,20.0,0.0019250000000000003,0.03599999999999998,5.0,0.1799999999999999,power_law_tang,10001000600,10001,ER,other
1.0,30.0,0.004283333333333335,0.03399999999999999,5.0,0.16999999999999993,power_law_tang,10001000599,10001,ER,other
1.0,17.0,0.0017352941176470588,0.03599999999999998,5.0,0.1799999999999999,power_law_tang,10001000601,10001,ER,other
1.0,48.0,0.003718750000000002,0.03399999999999999,5.0,0.16999999999999993,power_law_tang,10001000595,10001,ER,other
0.0,10000.0,0.19258999999999987,0.04799999999999997,5.0,0.23999999999999988,exponential,10001000379,10001,ER,other
1.0,8.0,0.0014375000000000002,0.03599999999999998,5.0,0.1799999999999999,power_law_tang,10001000602,10001,ER,other
1.0,33.0,0.003727272727272728,0.03599999999999998,5.0,0.1799999999999999,power_law_tang,10001000604,10001,ER,other
1.0,312.0,0.022274999999999993,0.03599999999999998,5.0,0.1799999999999999,power_law_tang,10001000603,10001,ER,other
1.0,15.0,0.0017333333333333335,0.03599999999999998,5.0,0.1799999999999999,power_law_tang,10001000606,10001,ER,other
1.0,13.0,0.0016923076923076928,0.03599999999999998,5.0,0.1799999999999999,power_law_tang,10001000607,10001,ER,other
1.0,59.0,0.005144067796610172,0.03599999999999998,5.0,0.1799999999999999,power_law_tang,10001000608,10001,ER,other
1.0,14.0,0.0023571428571428576,0.03599999999999998,5.0,0.1799999999999999,power_law_tang,10001000609,10001,ER,other
1.0,121.0,0.00452892561983471,0.03599999999999998,5.0,0.1799999999999999,power_law_tang,10001000605,10001,ER,other
1.0,48.0,0.002625000000000001,0.03599999999999998,5.0,0.1799999999999999,power_law_tang,10001000612,10001,ER,other
1.0,13.0,0.002423076923076923,0.03599999999999998,5.0,0.1799999999999999,power_law_tang,10001000613,10001,ER,other
1.0,164.0,0.01358536585365853,0.03599999999999998,5.0,0.1799999999999999,power_law_tang,10001000614,10001,ER,other
1.0,360.0,0.017734999999999987,0.03599999999999998,5.0,0.1799999999999999,power_law_tang,10001000610,10001,ER,other
1.0,185.0,0.004808108108108103,0.03599999999999998,5.0,0.1799999999999999,power_law_tang,10001000611,10001,ER,other
1.0,23.0,0.0026521739130434792,0.03599999999999998,5.0,0.1799999999999999,power_law_tang,10001000615,10001,ER,other
1.0,85.0,0.006188235294117646,0.03599999999999998,5.0,0.1799999999999999,power_law_tang,10001000617,10001,ER,other
1.0,24.0,0.0013750000000000004,0.03599999999999998,5.0,0.1799999999999999,power_law_tang,10001000616,10001,ER,other
1.0,6.0,0.0018333333333333333,0.03599999999999998,5.0,0.1799999999999999,power_law_tang,10001000620,10001,ER,other
1.0,194.0,0.010139175257731947,0.03599999999999998,5.0,0.1799999999999999,power_law_tang,10001000619,10001,ER,other
1.0,15.0,0.0014666666666666671,0.03599999999999998,5.0,0.1799999999999999,power_law_tang,10001000618,10001,ER,other
1.0,48.0,0.004166666666666669,0.03599999999999998,5.0,0.1799999999999999,power_law_tang,10001000621,10001,ER,other
1.0,11.0,0.0017272727272727275,0.03599999999999998,5.0,0.1799999999999999,power_law_tang,10001000623,10001,ER,other
0.0,10000.0,0.2042475000000001,0.04799999999999997,5.0,0.23999999999999988,exponential,10001000381,10001,ER,other
1.0,188.0,0.008335106382978713,0.03799999999999998,5.0,0.1899999999999999,power_law_tang,10001000624,10001,ER,other
1.0,29.0,0.007637931034482762,0.03599999999999998,5.0,0.1799999999999999,power_law_tang,10001000622,10001,ER,other
1.0,16.0,0.0023437500000000003,0.03799999999999998,5.0,0.1899999999999999,power_law_tang,10001000625,10001,ER,other
1.0,14.0,0.001071428571428572,0.03799999999999998,5.0,0.1899999999999999,power_law_tang,10001000627,10001,ER,other
1.0,114.0,0.004552631578947369,0.03799999999999998,5.0,0.1899999999999999,power_law_tang,10001000629,10001,ER,other
1.0,24.0,0.0018750000000000006,0.03799999999999998,5.0,0.1899999999999999,power_law_tang,10001000630,10001,ER,other
1.0,15.0,0.0019666666666666665,0.03799999999999998,5.0,0.1899999999999999,power_law_tang,10001000632,10001,ER,other
1.0,577.0,0.013057499999999986,0.03799999999999998,5.0,0.1899999999999999,power_law_tang,10001000628,10001,ER,other
1.0,19.0,0.0028157894736842116,0.03799999999999998,5.0,0.1899999999999999,power_law_tang,10001000634,10001,ER,other
1.0,552.0,0.025669999999999984,0.03799999999999998,5.0,0.1899999999999999,power_law_tang,10001000631,10001,ER,other
1.0,21.0,0.0029285714285714293,0.03799999999999998,5.0,0.1899999999999999,power_law_tang,10001000635,10001,ER,other
1.0,31.0,0.0018064516129032266,0.03799999999999998,5.0,0.1899999999999999,power_law_tang,10001000638,10001,ER,other
1.0,51.0,0.002637254901960785,0.03799999999999998,5.0,0.1899999999999999,power_law_tang,10001000639,10001,ER,other
1.0,953.0,0.021722499999999995,0.03799999999999998,5.0,0.1899999999999999,power_law_tang,10001000633,10001,ER,other
1.0,26.0,0.001961538461538462,0.03799999999999998,5.0,0.1899999999999999,power_law_tang,10001000640,10001,ER,other
1.0,1254.0,0.025905000000000015,0.03799999999999998,5.0,0.1899999999999999,power_law_tang,10001000626,10001,ER,other
1.0,14.0,0.0020000000000000005,0.03799999999999998,5.0,0.1899999999999999,power_law_tang,10001000643,10001,ER,other
1.0,65.0,0.0029692307692307713,0.03799999999999998,5.0,0.1899999999999999,power_law_tang,10001000642,10001,ER,other
1.0,7.0,0.0013571428571428573,0.03799999999999998,5.0,0.1899999999999999,power_law_tang,10001000645,10001,ER,other
1.0,168.0,0.008050595238095225,0.03799999999999998,5.0,0.1899999999999999,power_law_tang,10001000641,10001,ER,other
1.0,404.0,0.0217625,0.03799999999999998,5.0,0.1899999999999999,power_law_tang,10001000644,10001,ER,other
1.0,14.0,0.0016428571428571432,0.03799999999999998,5.0,0.1899999999999999,power_law_tang,10001000646,10001,ER,other
1.0,9.0,0.0018333333333333335,0.03999999999999998,5.0,0.1999999999999999,power_law_tang,10001000650,10001,ER,other
1.0,15.0,0.0018666666666666669,0.03999999999999998,5.0,0.1999999999999999,power_law_tang,10001000651,10001,ER,other
1.0,1511.0,0.028252499999999996,0.03799999999999998,5.0,0.1899999999999999,power_law_tang,10001000636,10001,ER,other
1.0,1512.0,0.020299999999999985,0.03799999999999998,5.0,0.1899999999999999,power_law_tang,10001000637,10001,ER,other
1.0,916.0,0.014884999999999983,0.03799999999999998,5.0,0.1899999999999999,power_law_tang,10001000647,10001,ER,other
1.0,19.0,0.003342105263157895,0.03999999999999998,5.0,0.1999999999999999,power_law_tang,10001000653,10001,ER,other
1.0,13.0,0.003615384615384616,0.03999999999999998,5.0,0.1999999999999999,power_law_tang,10001000656,10001,ER,other
1.0,74.0,0.003331081081081083,0.03999999999999998,5.0,0.1999999999999999,power_law_tang,10001000657,10001,ER,other
0.0,10000.0,0.2100625000000003,0.04799999999999997,5.0,0.23999999999999988,exponential,10001000382,10001,ER,other
1.0,7.0,0.0015000000000000002,0.03999999999999998,5.0,0.1999999999999999,power_law_tang,10001000659,10001,ER,other
1.0,1828.0,0.06389000000000004,0.03999999999999998,5.0,0.1999999999999999,power_law_tang,10001000654,10001,ER,other
1.0,40.0,0.005012500000000002,0.03999999999999998,5.0,0.1999999999999999,power_law_tang,10001000661,10001,ER,other
0.0,10000.0,0.20048249999999995,0.04799999999999997,5.0,0.23999999999999988,exponential,10001000383,10001,ER,other
0.0,10000.0,0.0750175,0.03999999999999998,5.0,0.1999999999999999,power_law_tang,10001000648,10001,ER,other
0.0,10000.0,0.07887249999999998,0.03999999999999998,5.0,0.1999999999999999,power_law_tang,10001000652,10001,ER,other
0.0,10000.0,0.0814275,0.03999999999999998,5.0,0.1999999999999999,power_law_tang,10001000649,10001,ER,other
1.0,15.0,0.0023333333333333335,0.03999999999999998,5.0,0.1999999999999999,power_law_tang,10001000666,10001,ER,other
0.0,10000.0,0.07982749999999998,0.03999999999999998,5.0,0.1999999999999999,power_law_tang,10001000660,10001,ER,other
1.0,31.0,0.0031935483870967757,0.03999999999999998,5.0,0.1999999999999999,power_law_tang,10001000668,10001,ER,other
0.0,10000.0,0.06999,0.03999999999999998,5.0,0.1999999999999999,power_law_tang,10001000655,10001,ER,other
0.0,10000.0,0.08411000000000003,0.03999999999999998,5.0,0.1999999999999999,power_law_tang,10001000658,10001,ER,other
1.0,10.0,0.0020500000000000006,0.03999999999999998,5.0,0.1999999999999999,power_law_tang,10001000671,10001,ER,other
0.0,10000.0,0.0712125,0.03999999999999998,5.0,0.1999999999999999,power_law_tang,10001000663,10001,ER,other
0.0,10000.0,0.07612749999999999,0.03999999999999998,5.0,0.1999999999999999,power_law_tang,10001000662,10001,ER,other
0.0,10000.0,0.08549750000000003,0.03999999999999998,5.0,0.1999999999999999,power_law_tang,10001000664,10001,ER,other
0.0,10000.0,0.08119749999999996,0.03999999999999998,5.0,0.1999999999999999,power_law_tang,10001000665,10001,ER,other
0.0,10000.0,0.0661,0.03999999999999998,5.0,0.1999999999999999,power_law_tang,10001000669,10001,ER,other
0.0,10000.0,0.07835999999999997,0.03999999999999998,5.0,0.1999999999999999,power_law_tang,10001000667,10001,ER,other
0.0,10000.0,0.09813749999999999,0.04199999999999998,5.0,0.2099999999999999,power_law_tang,10001000673,10001,ER,other
0.0,10000.0,0.06155499999999999,0.03999999999999998,5.0,0.1999999999999999,power_law_tang,10001000670,10001,ER,other
0.0,10000.0,0.11689500000000004,0.04199999999999998,5.0,0.2099999999999999,power_law_tang,10001000672,10001,ER,other
0.0,10000.0,0.11177749999999995,0.04199999999999998,5.0,0.2099999999999999,power_law_tang,10001000675,10001,ER,other
0.0,10000.0,0.10791250000000005,0.04199999999999998,5.0,0.2099999999999999,power_law_tang,10001000676,10001,ER,other
0.0,10000.0,0.10922499999999996,0.04199999999999998,5.0,0.2099999999999999,power_law_tang,10001000674,10001,ER,other
0.0,10000.0,0.10927000000000009,0.04199999999999998,5.0,0.2099999999999999,power_law_tang,10001000677,10001,ER,other
1.0,14.0,0.001678571428571429,0.04199999999999998,5.0,0.2099999999999999,power_law_tang,10001000685,10001,ER,other
0.0,10000.0,0.11347,0.04199999999999998,5.0,0.2099999999999999,power_law_tang,10001000679,10001,ER,other
1.0,45.0,0.0027111111111111125,0.04199999999999998,5.0,0.2099999999999999,power_law_tang,10001000687,10001,ER,other
0.0,10000.0,0.10511499999999994,0.04199999999999998,5.0,0.2099999999999999,power_law_tang,10001000678,10001,ER,other
0.0,10000.0,0.10250250000000007,0.04199999999999998,5.0,0.2099999999999999,power_law_tang,10001000682,10001,ER,other
1.0,34.0,0.004558823529411766,0.04199999999999998,5.0,0.2099999999999999,power_law_tang,10001000690,10001,ER,other
1.0,57.0,0.0023859649122807028,0.04199999999999998,5.0,0.2099999999999999,power_law_tang,10001000691,10001,ER,other
0.0,10000.0,0.11205999999999999,0.04199999999999998,5.0,0.2099999999999999,power_law_tang,10001000683,10001,ER,other
0.0,10000.0,0.11257750000000004,0.04199999999999998,5.0,0.2099999999999999,power_law_tang,10001000680,10001,ER,other
1.0,19.0,0.001315789473684211,0.04199999999999998,5.0,0.2099999999999999,power_law_tang,10001000694,10001,ER,other
1.0,108.0,0.005166666666666662,0.04199999999999998,5.0,0.2099999999999999,power_law_tang,10001000695,10001,ER,other
0.0,10000.0,0.11010999999999996,0.04199999999999998,5.0,0.2099999999999999,power_law_tang,10001000686,10001,ER,other
0.0,10000.0,0.11490999999999993,0.04199999999999998,5.0,0.2099999999999999,power_law_tang,10001000681,10001,ER,other
0.0,10000.0,0.10996749999999997,0.04199999999999998,5.0,0.2099999999999999,power_law_tang,10001000688,10001,ER,other
0.0,10000.0,0.1080025,0.04199999999999998,5.0,0.2099999999999999,power_law_tang,10001000684,10001,ER,other
1.0,22.0,0.0017500000000000003,0.04399999999999998,5.0,0.2199999999999999,power_law_tang,10001000700,10001,ER,other
0.0,10000.0,0.11689750000000004,0.04199999999999998,5.0,0.2099999999999999,power_law_tang,10001000689,10001,ER,other
0.0,10000.0,0.11218500000000003,0.04199999999999998,5.0,0.2099999999999999,power_law_tang,10001000692,10001,ER,other
1.0,13.0,0.0014230769230769232,0.04399999999999998,5.0,0.2199999999999999,power_law_tang,10001000703,10001,ER,other
1.0,21.0,0.001261904761904762,0.04399999999999998,5.0,0.2199999999999999,power_law_tang,10001000704,10001,ER,other
0.0,10000.0,0.13561250000000005,0.04399999999999998,5.0,0.2199999999999999,power_law_tang,10001000697,10001,ER,other
1.0,19.0,0.0012368421052631584,0.04399999999999998,5.0,0.2199999999999999,power_law_tang,10001000706,10001,ER,other
0.0,10000.0,0.09997750000000004,0.04199999999999998,5.0,0.2099999999999999,power_law_tang,10001000693,10001,ER,other
1.0,13.0,0.0016923076923076928,0.04399999999999998,5.0,0.2199999999999999,power_law_tang,10001000708,10001,ER,other
0.0,10000.0,0.12481250000000008,0.04399999999999998,5.0,0.2199999999999999,power_law_tang,10001000699,10001,ER,other
0.0,10000.0,0.14238749999999992,0.04399999999999998,5.0,0.2199999999999999,power_law_tang,10001000696,10001,ER,other
0.0,10000.0,0.15515250000000008,0.04399999999999998,5.0,0.2199999999999999,power_law_tang,10001000702,10001,ER,other
0.0,10000.0,0.15178000000000008,0.04399999999999998,5.0,0.2199999999999999,power_law_tang,10001000705,10001,ER,other
1.0,40.0,0.0037375000000000012,0.04399999999999998,5.0,0.2199999999999999,power_law_tang,10001000713,10001,ER,other
0.0,10000.0,0.15452749999999996,0.04399999999999998,5.0,0.2199999999999999,power_law_tang,10001000698,10001,ER,other
0.0,10000.0,0.15154750000000006,0.04399999999999998,5.0,0.2199999999999999,power_law_tang,10001000701,10001,ER,other
0.0,10000.0,0.1416475,0.04399999999999998,5.0,0.2199999999999999,power_law_tang,10001000707,10001,ER,other
0.0,10000.0,0.14376000000000003,0.04399999999999998,5.0,0.2199999999999999,power_law_tang,10001000710,10001,ER,other
0.0,10000.0,0.14773000000000008,0.04399999999999998,5.0,0.2199999999999999,power_law_tang,10001000709,10001,ER,other
1.0,18.0,0.0023611111111111116,0.04399999999999998,5.0,0.2199999999999999,power_law_tang,10001000719,10001,ER,other
0.0,10000.0,0.13702250000000005,0.04399999999999998,5.0,0.2199999999999999,power_law_tang,10001000712,10001,ER,other
0.0,10000.0,0.14089500000000008,0.04399999999999998,5.0,0.2199999999999999,power_law_tang,10001000714,10001,ER,other
0.0,10000.0,0.13024,0.04399999999999998,5.0,0.2199999999999999,power_law_tang,10001000711,10001,ER,other
0.0,10000.0,0.14985500000000007,0.04399999999999998,5.0,0.2199999999999999,power_law_tang,10001000715,10001,ER,other
0.0,10000.0,0.12832499999999997,0.04399999999999998,5.0,0.2199999999999999,power_law_tang,10001000716,10001,ER,other
0.0,10000.0,0.14311500000000002,0.04399999999999998,5.0,0.2199999999999999,power_law_tang,10001000717,10001,ER,other
0.0,10000.0,0.14937999999999996,0.04399999999999998,5.0,0.2199999999999999,power_law_tang,10001000718,10001,ER,other
0.0,10000.0,0.17837500000000006,0.04599999999999997,5.0,0.22999999999999987,power_law_tang,10001000721,10001,ER,other
1.0,31.0,0.002241935483870969,0.04599999999999997,5.0,0.22999999999999987,power_law_tang,10001000728,10001,ER,other
0.0,10000.0,0.17749999999999982,0.04599999999999997,5.0,0.22999999999999987,power_law_tang,10001000722,10001,ER,other
0.0,10000.0,0.17255500000000004,0.04599999999999997,5.0,0.22999999999999987,power_law_tang,10001000723,10001,ER,other
0.0,10000.0,0.1718250000000001,0.04599999999999997,5.0,0.22999999999999987,power_law_tang,10001000720,10001,ER,other
0.0,10000.0,0.17360000000000006,0.04599999999999997,5.0,0.22999999999999987,power_law_tang,10001000724,10001,ER,other
0.0,10000.0,0.16977750000000008,0.04599999999999997,5.0,0.22999999999999987,power_law_tang,10001000725,10001,ER,other
0.0,10000.0,0.17828000000000008,0.04599999999999997,5.0,0.22999999999999987,power_law_tang,10001000726,10001,ER,other
0.0,10000.0,0.1638725,0.04599999999999997,5.0,0.22999999999999987,power_law_tang,10001000730,10001,ER,other
0.0,10000.0,0.1758700000000001,0.04599999999999997,5.0,0.22999999999999987,power_law_tang,10001000727,10001,ER,other
0.0,10000.0,0.1753975,0.04599999999999997,5.0,0.22999999999999987,power_law_tang,10001000731,10001,ER,other
0.0,10000.0,0.1835674999999999,0.04599999999999997,5.0,0.22999999999999987,power_law_tang,10001000733,10001,ER,other
0.0,10000.0,0.17419250000000008,0.04599999999999997,5.0,0.22999999999999987,power_law_tang,10001000734,10001,ER,other
0.0,10000.0,0.17177999999999996,0.04599999999999997,5.0,0.22999999999999987,power_law_tang,10001000729,10001,ER,other
0.0,10000.0,0.16660250000000001,0.04599999999999997,5.0,0.22999999999999987,power_law_tang,10001000732,10001,ER,other
0.0,10000.0,0.17330499999999996,0.04599999999999997,5.0,0.22999999999999987,power_law_tang,10001000735,10001,ER,other
1.0,52.0,0.0027211538461538475,0.04599999999999997,5.0,0.22999999999999987,power_law_tang,10001000743,10001,ER,other
0.0,10000.0,0.1748374999999999,0.04599999999999997,5.0,0.22999999999999987,power_law_tang,10001000736,10001,ER,other
0.0,10000.0,0.17784,0.04599999999999997,5.0,0.22999999999999987,power_law_tang,10001000738,10001,ER,other
0.0,10000.0,0.1758300000000001,0.04599999999999997,5.0,0.22999999999999987,power_law_tang,10001000737,10001,ER,other
0.0,10000.0,0.17017999999999994,0.04599999999999997,5.0,0.22999999999999987,power_law_tang,10001000739,10001,ER,other
0.0,10000.0,0.17797749999999998,0.04599999999999997,5.0,0.22999999999999987,power_law_tang,10001000741,10001,ER,other
0.0,10000.0,0.181055,0.04599999999999997,5.0,0.22999999999999987,power_law_tang,10001000740,10001,ER,other
0.0,10000.0,0.17237500000000006,0.04599999999999997,5.0,0.22999999999999987,power_law_tang,10001000742,10001,ER,other
0.0,10000.0,0.205735,0.04799999999999997,5.0,0.23999999999999988,power_law_tang,10001000745,10001,ER,other
0.0,10000.0,0.1952674999999999,0.04799999999999997,5.0,0.23999999999999988,power_law_tang,10001000744,10001,ER,other
0.0,10000.0,0.20333500000000015,0.04799999999999997,5.0,0.23999999999999988,power_law_tang,10001000746,10001,ER,other
0.0,10000.0,0.19447749999999997,0.04799999999999997,5.0,0.23999999999999988,power_law_tang,10001000749,10001,ER,other
0.0,10000.0,0.193255,0.04799999999999997,5.0,0.23999999999999988,power_law_tang,10001000748,10001,ER,other
0.0,10000.0,0.19647250000000002,0.04799999999999997,5.0,0.23999999999999988,power_law_tang,10001000747,10001,ER,other
0.0,10000.0,0.20446250000000002,0.04799999999999997,5.0,0.23999999999999988,power_law_tang,10001000750,10001,ER,other
0.0,10000.0,0.21274000000000012,0.04799999999999997,5.0,0.23999999999999988,power_law_tang,10001000751,10001,ER,other
0.0,10000.0,0.18751749999999986,0.04799999999999997,5.0,0.23999999999999988,power_law_tang,10001000752,10001,ER,other
0.0,10000.0,0.19572000000000006,0.04799999999999997,5.0,0.23999999999999988,power_law_tang,10001000753,10001,ER,other
0.0,10000.0,0.19697749999999994,0.04799999999999997,5.0,0.23999999999999988,power_law_tang,10001000755,10001,ER,other
0.0,10000.0,0.20435999999999999,0.04799999999999997,5.0,0.23999999999999988,power_law_tang,10001000757,10001,ER,other
0.0,10000.0,0.19540250000000012,0.04799999999999997,5.0,0.23999999999999988,power_law_tang,10001000754,10001,ER,other
0.0,10000.0,0.20084500000000002,0.04799999999999997,5.0,0.23999999999999988,power_law_tang,10001000756,10001,ER,other
0.0,10000.0,0.19350250000000002,0.04799999999999997,5.0,0.23999999999999988,power_law_tang,10001000758,10001,ER,other
0.0,10000.0,0.19600500000000018,0.04799999999999997,5.0,0.23999999999999988,power_law_tang,10001000759,10001,ER,other
0.0,10000.0,0.19915000000000013,0.04799999999999997,5.0,0.23999999999999988,power_law_tang,10001000760,10001,ER,other
1.0,26.0,0.0018846153846153854,0.018,5.0,0.09,lognormal_tang,10001000768,10001,ER,other
1.0,7.0,0.0015714285714285715,0.018,5.0,0.09,lognormal_tang,10001000769,10001,ER,other
1.0,22.0,0.001431818181818182,0.018,5.0,0.09,lognormal_tang,10001000770,10001,ER,other
1.0,17.0,0.0014117647058823535,0.018,5.0,0.09,lognormal_tang,10001000771,10001,ER,other
1.0,11.0,0.000863636363636364,0.018,5.0,0.09,lognormal_tang,10001000772,10001,ER,other
0.0,10000.0,0.20037000000000013,0.04799999999999997,5.0,0.23999999999999988,power_law_tang,10001000761,10001,ER,other
1.0,9.0,0.0012222222222222222,0.018,5.0,0.09,lognormal_tang,10001000774,10001,ER,other
1.0,14.0,0.0007857142857142861,0.018,5.0,0.09,lognormal_tang,10001000773,10001,ER,other
1.0,20.0,0.0016500000000000004,0.018,5.0,0.09,lognormal_tang,10001000775,10001,ER,other
1.0,8.0,0.0014375,0.018,5.0,0.09,lognormal_tang,10001000776,10001,ER,other
1.0,11.0,0.0010000000000000002,0.018,5.0,0.09,lognormal_tang,10001000778,10001,ER,other
1.0,9.0,0.0011111111111111113,0.018,5.0,0.09,lognormal_tang,10001000777,10001,ER,other
1.0,32.0,0.0014375000000000008,0.018,5.0,0.09,lognormal_tang,10001000779,10001,ER,other
1.0,7.0,0.0009999999999999998,0.018,5.0,0.09,lognormal_tang,10001000780,10001,ER,other
1.0,38.0,0.0008421052631578951,0.018,5.0,0.09,lognormal_tang,10001000781,10001,ER,other
1.0,6.0,0.0005833333333333334,0.018,5.0,0.09,lognormal_tang,10001000782,10001,ER,other
1.0,5.0,0.0016,0.018,5.0,0.09,lognormal_tang,10001000783,10001,ER,other
1.0,15.0,0.0011666666666666668,0.018,5.0,0.09,lognormal_tang,10001000785,10001,ER,other
1.0,34.0,0.0009705882352941179,0.018,5.0,0.09,lognormal_tang,10001000784,10001,ER,other
1.0,6.0,0.001,0.018,5.0,0.09,lognormal_tang,10001000787,10001,ER,other
1.0,16.0,0.0013437500000000001,0.018,5.0,0.09,lognormal_tang,10001000786,10001,ER,other
1.0,16.0,0.0014687500000000004,0.018,5.0,0.09,lognormal_tang,10001000789,10001,ER,other
1.0,12.0,0.0012083333333333334,0.018,5.0,0.09,lognormal_tang,10001000788,10001,ER,other
1.0,3.0,0.0008333333333333334,0.018,5.0,0.09,lognormal_tang,10001000790,10001,ER,other
1.0,73.0,0.0006027397260273977,0.018,5.0,0.09,lognormal_tang,10001000791,10001,ER,other
1.0,14.0,0.000642857142857143,0.019999999999999997,5.0,0.09999999999999998,lognormal_tang,10001000792,10001,ER,other
1.0,7.0,0.0008571428571428574,0.019999999999999997,5.0,0.09999999999999998,lognormal_tang,10001000794,10001,ER,other
1.0,40.0,0.0012750000000000005,0.019999999999999997,5.0,0.09999999999999998,lognormal_tang,10001000793,10001,ER,other
1.0,6.0,0.001,0.019999999999999997,5.0,0.09999999999999998,lognormal_tang,10001000795,10001,ER,other
1.0,6.0,0.0010833333333333335,0.019999999999999997,5.0,0.09999999999999998,lognormal_tang,10001000796,10001,ER,other
1.0,17.0,0.0014117647058823535,0.019999999999999997,5.0,0.09999999999999998,lognormal_tang,10001000797,10001,ER,other
1.0,4.0,0.000625,0.019999999999999997,5.0,0.09999999999999998,lognormal_tang,10001000798,10001,ER,other
1.0,27.0,0.0009259259259259263,0.019999999999999997,5.0,0.09999999999999998,lognormal_tang,10001000799,10001,ER,other
1.0,21.0,0.000666666666666667,0.019999999999999997,5.0,0.09999999999999998,lognormal_tang,10001000800,10001,ER,other
1.0,12.0,0.0005833333333333336,0.019999999999999997,5.0,0.09999999999999998,lognormal_tang,10001000802,10001,ER,other
1.0,45.0,0.0013888888888888892,0.019999999999999997,5.0,0.09999999999999998,lognormal_tang,10001000803,10001,ER,other
1.0,21.0,0.0007857142857142861,0.019999999999999997,5.0,0.09999999999999998,lognormal_tang,10001000801,10001,ER,other
1.0,12.0,0.0011250000000000001,0.019999999999999997,5.0,0.09999999999999998,lognormal_tang,10001000804,10001,ER,other
1.0,17.0,0.001,0.019999999999999997,5.0,0.09999999999999998,lognormal_tang,10001000805,10001,ER,other
1.0,11.0,0.0005000000000000001,0.019999999999999997,5.0,0.09999999999999998,lognormal_tang,10001000806,10001,ER,other
1.0,15.0,0.0010666666666666672,0.019999999999999997,5.0,0.09999999999999998,lognormal_tang,10001000807,10001,ER,other
1.0,16.0,0.0014375000000000004,0.019999999999999997,5.0,0.09999999999999998,lognormal_tang,10001000808,10001,ER,other
1.0,66.0,0.0006818181818181823,0.019999999999999997,5.0,0.09999999999999998,lognormal_tang,10001000809,10001,ER,other
1.0,41.0,0.001719512195121952,0.019999999999999997,5.0,0.09999999999999998,lognormal_tang,10001000810,10001,ER,other
1.0,3.0,0.0005,0.019999999999999997,5.0,0.09999999999999998,lognormal_tang,10001000811,10001,ER,other
1.0,13.0,0.0011538461538461544,0.019999999999999997,5.0,0.09999999999999998,lognormal_tang,10001000812,10001,ER,other
1.0,19.0,0.001105263157894737,0.019999999999999997,5.0,0.09999999999999998,lognormal_tang,10001000813,10001,ER,other
1.0,6.0,0.001,0.019999999999999997,5.0,0.09999999999999998,lognormal_tang,10001000815,10001,ER,other
1.0,31.0,0.0008870967741935489,0.019999999999999997,5.0,0.09999999999999998,lognormal_tang,10001000814,10001,ER,other
1.0,7.0,0.0010000000000000002,0.021999999999999995,5.0,0.10999999999999997,lognormal_tang,10001000816,10001,ER,other
1.0,18.0,0.0009444444444444447,0.021999999999999995,5.0,0.10999999999999997,lognormal_tang,10001000817,10001,ER,other
1.0,10.0,0.0006000000000000002,0.021999999999999995,5.0,0.10999999999999997,lognormal_tang,10001000818,10001,ER,other
1.0,11.0,0.0008181818181818185,0.021999999999999995,5.0,0.10999999999999997,lognormal_tang,10001000819,10001,ER,other
1.0,28.0,0.0016071428571428578,0.021999999999999995,5.0,0.10999999999999997,lognormal_tang,10001000820,10001,ER,other
1.0,6.0,0.0008333333333333335,0.021999999999999995,5.0,0.10999999999999997,lognormal_tang,10001000821,10001,ER,other
1.0,12.0,0.0005833333333333334,0.021999999999999995,5.0,0.10999999999999997,lognormal_tang,10001000822,10001,ER,other
1.0,31.0,0.0006935483870967746,0.021999999999999995,5.0,0.10999999999999997,lognormal_tang,10001000823,10001,ER,other
1.0,10.0,0.0009000000000000001,0.021999999999999995,5.0,0.10999999999999997,lognormal_tang,10001000825,10001,ER,other
1.0,17.0,0.0009411764705882358,0.021999999999999995,5.0,0.10999999999999997,lognormal_tang,10001000826,10001,ER,other
1.0,11.0,0.0005000000000000001,0.021999999999999995,5.0,0.10999999999999997,lognormal_tang,10001000827,10001,ER,other
1.0,7.0,0.000785714285714286,0.021999999999999995,5.0,0.10999999999999997,lognormal_tang,10001000824,10001,ER,other
1.0,40.0,0.0008000000000000004,0.021999999999999995,5.0,0.10999999999999997,lognormal_tang,10001000829,10001,ER,other
1.0,34.0,0.0011911764705882359,0.021999999999999995,5.0,0.10999999999999997,lognormal_tang,10001000828,10001,ER,other
1.0,29.0,0.0015172413793103454,0.021999999999999995,5.0,0.10999999999999997,lognormal_tang,10001000830,10001,ER,other
1.0,37.0,0.0017837837837837846,0.021999999999999995,5.0,0.10999999999999997,lognormal_tang,10001000831,10001,ER,other
1.0,6.0,0.00125,0.021999999999999995,5.0,0.10999999999999997,lognormal_tang,10001000833,10001,ER,other
1.0,12.0,0.0007500000000000002,0.021999999999999995,5.0,0.10999999999999997,lognormal_tang,10001000834,10001,ER,other
0.0,10000.0,0.20040999999999992,0.04799999999999997,5.0,0.23999999999999988,power_law_tang,10001000762,10001,ER,other
1.0,5.0,0.0014000000000000002,0.021999999999999995,5.0,0.10999999999999997,lognormal_tang,10001000832,10001,ER,other
1.0,19.0,0.002078947368421053,0.021999999999999995,5.0,0.10999999999999997,lognormal_tang,10001000835,10001,ER,other
1.0,8.0,0.0008750000000000001,0.021999999999999995,5.0,0.10999999999999997,lognormal_tang,10001000837,10001,ER,other
1.0,63.0,0.0006507936507936512,0.021999999999999995,5.0,0.10999999999999997,lognormal_tang,10001000836,10001,ER,other
1.0,17.0,0.0006764705882352943,0.021999999999999995,5.0,0.10999999999999997,lognormal_tang,10001000838,10001,ER,other
1.0,6.0,0.0008333333333333335,0.021999999999999995,5.0,0.10999999999999997,lognormal_tang,10001000839,10001,ER,other
1.0,36.0,0.002194444444444445,0.023999999999999994,5.0,0.11999999999999997,lognormal_tang,10001000840,10001,ER,other
1.0,31.0,0.000887096774193549,0.023999999999999994,5.0,0.11999999999999997,lognormal_tang,10001000841,10001,ER,other
1.0,13.0,0.0008461538461538465,0.023999999999999994,5.0,0.11999999999999997,lognormal_tang,10001000842,10001,ER,other
1.0,55.0,0.0019363636363636373,0.023999999999999994,5.0,0.11999999999999997,lognormal_tang,10001000845,10001,ER,other
1.0,29.0,0.002293103448275863,0.023999999999999994,5.0,0.11999999999999997,lognormal_tang,10001000843,10001,ER,other
1.0,16.0,0.0013750000000000004,0.023999999999999994,5.0,0.11999999999999997,lognormal_tang,10001000846,10001,ER,other
1.0,23.0,0.000978260869565218,0.023999999999999994,5.0,0.11999999999999997,lognormal_tang,10001000847,10001,ER,other
1.0,70.0,0.0009500000000000006,0.023999999999999994,5.0,0.11999999999999997,lognormal_tang,10001000844,10001,ER,other
1.0,21.0,0.0015952380952380953,0.023999999999999994,5.0,0.11999999999999997,lognormal_tang,10001000849,10001,ER,other
1.0,9.0,0.0015000000000000002,0.023999999999999994,5.0,0.11999999999999997,lognormal_tang,10001000850,10001,ER,other
1.0,3.0,0.0008333333333333334,0.023999999999999994,5.0,0.11999999999999997,lognormal_tang,10001000851,10001,ER,other
1.0,82.0,0.0014817073170731718,0.023999999999999994,5.0,0.11999999999999997,lognormal_tang,10001000848,10001,ER,other
1.0,25.0,0.0010800000000000004,0.023999999999999994,5.0,0.11999999999999997,lognormal_tang,10001000852,10001,ER,other
1.0,7.0,0.001142857142857143,0.023999999999999994,5.0,0.11999999999999997,lognormal_tang,10001000853,10001,ER,other
1.0,24.0,0.0023333333333333344,0.023999999999999994,5.0,0.11999999999999997,lognormal_tang,10001000856,10001,ER,other
1.0,46.0,0.0011304347826086964,0.023999999999999994,5.0,0.11999999999999997,lognormal_tang,10001000855,10001,ER,other
1.0,57.0,0.0012368421052631584,0.023999999999999994,5.0,0.11999999999999997,lognormal_tang,10001000857,10001,ER,other
1.0,23.0,0.0009565217391304351,0.023999999999999994,5.0,0.11999999999999997,lognormal_tang,10001000854,10001,ER,other
1.0,13.0,0.000653846153846154,0.023999999999999994,5.0,0.11999999999999997,lognormal_tang,10001000859,10001,ER,other
1.0,72.0,0.001423611111111112,0.023999999999999994,5.0,0.11999999999999997,lognormal_tang,10001000860,10001,ER,other
1.0,31.0,0.002096774193548388,0.023999999999999994,5.0,0.11999999999999997,lognormal_tang,10001000858,10001,ER,other
1.0,8.0,0.0009375000000000002,0.023999999999999994,5.0,0.11999999999999997,lognormal_tang,10001000861,10001,ER,other
1.0,10.0,0.0017500000000000003,0.023999999999999994,5.0,0.11999999999999997,lognormal_tang,10001000862,10001,ER,other
1.0,5.0,0.0015,0.023999999999999994,5.0,0.11999999999999997,lognormal_tang,10001000863,10001,ER,other
1.0,22.0,0.0010454545454545456,0.025999999999999992,5.0,0.12999999999999995,lognormal_tang,10001000864,10001,ER,other
1.0,22.0,0.0010000000000000005,0.025999999999999992,5.0,0.12999999999999995,lognormal_tang,10001000865,10001,ER,other
1.0,18.0,0.0012777777777777783,0.025999999999999992,5.0,0.12999999999999995,lognormal_tang,10001000866,10001,ER,other
1.0,36.0,0.0009722222222222227,0.025999999999999992,5.0,0.12999999999999995,lognormal_tang,10001000867,10001,ER,other
1.0,26.0,0.0007500000000000002,0.025999999999999992,5.0,0.12999999999999995,lognormal_tang,10001000868,10001,ER,other
1.0,12.0,0.0009583333333333336,0.025999999999999992,5.0,0.12999999999999995,lognormal_tang,10001000870,10001,ER,other
1.0,22.0,0.0008181818181818186,0.025999999999999992,5.0,0.12999999999999995,lognormal_tang,10001000871,10001,ER,other
1.0,27.0,0.001611111111111112,0.025999999999999992,5.0,0.12999999999999995,lognormal_tang,10001000872,10001,ER,other
1.0,23.0,0.002260869565217392,0.025999999999999992,5.0,0.12999999999999995,lognormal_tang,10001000873,10001,ER,other
1.0,12.0,0.0015833333333333335,0.025999999999999992,5.0,0.12999999999999995,lognormal_tang,10001000875,10001,ER,other
1.0,33.0,0.001151515151515152,0.025999999999999992,5.0,0.12999999999999995,lognormal_tang,10001000869,10001,ER,other
1.0,20.0,0.0006750000000000004,0.025999999999999992,5.0,0.12999999999999995,lognormal_tang,10001000877,10001,ER,other
1.0,54.0,0.0014537037037037044,0.025999999999999992,5.0,0.12999999999999995,lognormal_tang,10001000876,10001,ER,other
1.0,11.0,0.0009090909090909093,0.025999999999999992,5.0,0.12999999999999995,lognormal_tang,10001000879,10001,ER,other
1.0,76.0,0.002473684210526317,0.025999999999999992,5.0,0.12999999999999995,lognormal_tang,10001000878,10001,ER,other
1.0,11.0,0.0006818181818181821,0.025999999999999992,5.0,0.12999999999999995,lognormal_tang,10001000880,10001,ER,other
1.0,28.0,0.001285714285714286,0.025999999999999992,5.0,0.12999999999999995,lognormal_tang,10001000881,10001,ER,other
1.0,9.0,0.0017222222222222222,0.025999999999999992,5.0,0.12999999999999995,lognormal_tang,10001000874,10001,ER,other
1.0,21.0,0.0017380952380952387,0.025999999999999992,5.0,0.12999999999999995,lognormal_tang,10001000882,10001,ER,other
1.0,45.0,0.0008111111111111115,0.025999999999999992,5.0,0.12999999999999995,lognormal_tang,10001000883,10001,ER,other
1.0,15.0,0.0017000000000000006,0.025999999999999992,5.0,0.12999999999999995,lognormal_tang,10001000886,10001,ER,other
1.0,22.0,0.0011136363636363637,0.025999999999999992,5.0,0.12999999999999995,lognormal_tang,10001000885,10001,ER,other
1.0,54.0,0.0018703703703703714,0.025999999999999992,5.0,0.12999999999999995,lognormal_tang,10001000887,10001,ER,other
1.0,4.0,0.000625,0.02799999999999999,5.0,0.13999999999999996,lognormal_tang,10001000888,10001,ER,other
1.0,3.0,0.0008333333333333334,0.02799999999999999,5.0,0.13999999999999996,lognormal_tang,10001000889,10001,ER,other
1.0,14.0,0.0010714285714285717,0.02799999999999999,5.0,0.13999999999999996,lognormal_tang,10001000890,10001,ER,other
1.0,13.0,0.0013846153846153847,0.025999999999999992,5.0,0.12999999999999995,lognormal_tang,10001000884,10001,ER,other
1.0,13.0,0.0010384615384615387,0.02799999999999999,5.0,0.13999999999999996,lognormal_tang,10001000892,10001,ER,other
1.0,17.0,0.0018823529411764706,0.02799999999999999,5.0,0.13999999999999996,lognormal_tang,10001000893,10001,ER,other
1.0,2.0,0.001,0.02799999999999999,5.0,0.13999999999999996,lognormal_tang,10001000894,10001,ER,other
1.0,6.0,0.0007500000000000001,0.02799999999999999,5.0,0.13999999999999996,lognormal_tang,10001000891,10001,ER,other
1.0,19.0,0.0005263157894736845,0.02799999999999999,5.0,0.13999999999999996,lognormal_tang,10001000896,10001,ER,other
1.0,51.0,0.00111764705882353,0.02799999999999999,5.0,0.13999999999999996,lognormal_tang,10001000897,10001,ER,other
1.0,22.0,0.0021818181818181823,0.02799999999999999,5.0,0.13999999999999996,lognormal_tang,10001000898,10001,ER,other
1.0,26.0,0.0016346153846153847,0.02799999999999999,5.0,0.13999999999999996,lognormal_tang,10001000895,10001,ER,other
1.0,16.0,0.0008750000000000002,0.02799999999999999,5.0,0.13999999999999996,lognormal_tang,10001000899,10001,ER,other
1.0,41.0,0.000939024390243903,0.02799999999999999,5.0,0.13999999999999996,lognormal_tang,10001000900,10001,ER,other
1.0,25.0,0.0007400000000000004,0.02799999999999999,5.0,0.13999999999999996,lognormal_tang,10001000901,10001,ER,other
1.0,26.0,0.0025576923076923077,0.02799999999999999,5.0,0.13999999999999996,lognormal_tang,10001000902,10001,ER,other
1.0,19.0,0.0007894736842105266,0.02799999999999999,5.0,0.13999999999999996,lognormal_tang,10001000903,10001,ER,other
1.0,12.0,0.0009583333333333336,0.02799999999999999,5.0,0.13999999999999996,lognormal_tang,10001000904,10001,ER,other
1.0,15.0,0.001,0.02799999999999999,5.0,0.13999999999999996,lognormal_tang,10001000906,10001,ER,other
1.0,9.0,0.0011111111111111113,0.02799999999999999,5.0,0.13999999999999996,lognormal_tang,10001000908,10001,ER,other
1.0,28.0,0.0018571428571428578,0.02799999999999999,5.0,0.13999999999999996,lognormal_tang,10001000907,10001,ER,other
1.0,46.0,0.0014130434782608703,0.02799999999999999,5.0,0.13999999999999996,lognormal_tang,10001000909,10001,ER,other
1.0,38.0,0.0013815789473684218,0.02799999999999999,5.0,0.13999999999999996,lognormal_tang,10001000910,10001,ER,other
1.0,34.0,0.0021029411764705887,0.02799999999999999,5.0,0.13999999999999996,lognormal_tang,10001000905,10001,ER,other
1.0,21.0,0.0013571428571428578,0.02999999999999999,5.0,0.14999999999999994,lognormal_tang,10001000912,10001,ER,other
1.0,24.0,0.0012291666666666673,0.02999999999999999,5.0,0.14999999999999994,lognormal_tang,10001000914,10001,ER,other
1.0,19.0,0.0008421052631578951,0.02999999999999999,5.0,0.14999999999999994,lognormal_tang,10001000913,10001,ER,other
0.0,10000.0,0.20332750000000008,0.04799999999999997,5.0,0.23999999999999988,power_law_tang,10001000763,10001,ER,other
1.0,224.0,0.005664999999999989,0.02999999999999999,5.0,0.14999999999999994,lognormal_tang,10001000915,10001,ER,other
1.0,8.0,0.0015625,0.02999999999999999,5.0,0.14999999999999994,lognormal_tang,10001000916,10001,ER,other
1.0,109.0,0.0010091743119266061,0.02999999999999999,5.0,0.14999999999999994,lognormal_tang,10001000917,10001,ER,other
1.0,4.0,0.00075,0.02999999999999999,5.0,0.14999999999999994,lognormal_tang,10001000918,10001,ER,other
1.0,158.0,0.0019430379746835458,0.02999999999999999,5.0,0.14999999999999994,lognormal_tang,10001000921,10001,ER,other
1.0,36.0,0.0011666666666666672,0.02799999999999999,5.0,0.13999999999999996,lognormal_tang,10001000911,10001,ER,other
0.0,10000.0,0.1976900000000001,0.04799999999999997,5.0,0.23999999999999988,power_law_tang,10001000764,10001,ER,other
1.0,29.0,0.001689655172413794,0.02999999999999999,5.0,0.14999999999999994,lognormal_tang,10001000922,10001,ER,other
1.0,74.0,0.0008986486486486493,0.02999999999999999,5.0,0.14999999999999994,lognormal_tang,10001000920,10001,ER,other
1.0,70.0,0.0018071428571428579,0.02999999999999999,5.0,0.14999999999999994,lognormal_tang,10001000923,10001,ER,other
1.0,5.0,0.0013,0.02999999999999999,5.0,0.14999999999999994,lognormal_tang,10001000925,10001,ER,other
1.0,5.0,0.0005,0.02999999999999999,5.0,0.14999999999999994,lognormal_tang,10001000924,10001,ER,other
1.0,14.0,0.001428571428571429,0.02999999999999999,5.0,0.14999999999999994,lognormal_tang,10001000919,10001,ER,other
1.0,5.0,0.0012000000000000001,0.02999999999999999,5.0,0.14999999999999994,lognormal_tang,10001000928,10001,ER,other
1.0,15.0,0.0016333333333333339,0.02999999999999999,5.0,0.14999999999999994,lognormal_tang,10001000927,10001,ER,other
1.0,11.0,0.0010454545454545458,0.02999999999999999,5.0,0.14999999999999994,lognormal_tang,10001000929,10001,ER,other
1.0,19.0,0.0011842105263157898,0.02999999999999999,5.0,0.14999999999999994,lognormal_tang,10001000930,10001,ER,other
1.0,19.0,0.0012368421052631584,0.02999999999999999,5.0,0.14999999999999994,lognormal_tang,10001000926,10001,ER,other
1.0,23.0,0.0020000000000000005,0.02999999999999999,5.0,0.14999999999999994,lognormal_tang,10001000932,10001,ER,other
1.0,21.0,0.0019761904761904764,0.02999999999999999,5.0,0.14999999999999994,lognormal_tang,10001000933,10001,ER,other
1.0,32.0,0.002500000000000001,0.02999999999999999,5.0,0.14999999999999994,lognormal_tang,10001000931,10001,ER,other
1.0,24.0,0.0012500000000000005,0.02999999999999999,5.0,0.14999999999999994,lognormal_tang,10001000934,10001,ER,other
1.0,7.0,0.0009285714285714287,0.02999999999999999,5.0,0.14999999999999994,lognormal_tang,10001000935,10001,ER,other
1.0,28.0,0.001071428571428572,0.03199999999999999,5.0,0.15999999999999992,lognormal_tang,10001000936,10001,ER,other
1.0,153.0,0.0035915032679738547,0.03199999999999999,5.0,0.15999999999999992,lognormal_tang,10001000938,10001,ER,other
1.0,52.0,0.0009615384615384621,0.03199999999999999,5.0,0.15999999999999992,lognormal_tang,10001000939,10001,ER,other
1.0,85.0,0.0032705882352941197,0.03199999999999999,5.0,0.15999999999999992,lognormal_tang,10001000937,10001,ER,other
1.0,37.0,0.000702702702702703,0.03199999999999999,5.0,0.15999999999999992,lognormal_tang,10001000941,10001,ER,other
1.0,21.0,0.0007857142857142861,0.03199999999999999,5.0,0.15999999999999992,lognormal_tang,10001000942,10001,ER,other
1.0,20.0,0.0018500000000000003,0.03199999999999999,5.0,0.15999999999999992,lognormal_tang,10001000940,10001,ER,other
1.0,22.0,0.0009090909090909094,0.03199999999999999,5.0,0.15999999999999992,lognormal_tang,10001000943,10001,ER,other
1.0,72.0,0.00163888888888889,0.03199999999999999,5.0,0.15999999999999992,lognormal_tang,10001000944,10001,ER,other
1.0,132.0,0.0035416666666666695,0.03199999999999999,5.0,0.15999999999999992,lognormal_tang,10001000945,10001,ER,other
1.0,54.0,0.0009166666666666672,0.03199999999999999,5.0,0.15999999999999992,lognormal_tang,10001000947,10001,ER,other
1.0,9.0,0.0012222222222222226,0.03199999999999999,5.0,0.15999999999999992,lognormal_tang,10001000948,10001,ER,other
1.0,14.0,0.001142857142857143,0.03199999999999999,5.0,0.15999999999999992,lognormal_tang,10001000946,10001,ER,other
1.0,4.0,0.0012500000000000002,0.03199999999999999,5.0,0.15999999999999992,lognormal_tang,10001000949,10001,ER,other
1.0,5.0,0.0008,0.03199999999999999,5.0,0.15999999999999992,lognormal_tang,10001000950,10001,ER,other
1.0,5.0,0.0009000000000000001,0.03199999999999999,5.0,0.15999999999999992,lognormal_tang,10001000951,10001,ER,other
1.0,4.0,0.000875,0.03199999999999999,5.0,0.15999999999999992,lognormal_tang,10001000952,10001,ER,other
1.0,28.0,0.0008750000000000002,0.03199999999999999,5.0,0.15999999999999992,lognormal_tang,10001000954,10001,ER,other
1.0,21.0,0.001833333333333334,0.03199999999999999,5.0,0.15999999999999992,lognormal_tang,10001000956,10001,ER,other
1.0,11.0,0.0010454545454545458,0.03199999999999999,5.0,0.15999999999999992,lognormal_tang,10001000953,10001,ER,other
1.0,29.0,0.0014310344827586216,0.03199999999999999,5.0,0.15999999999999992,lognormal_tang,10001000957,10001,ER,other
1.0,41.0,0.001719512195121952,0.03199999999999999,5.0,0.15999999999999992,lognormal_tang,10001000955,10001,ER,other
1.0,2.0,0.00075,0.03199999999999999,5.0,0.15999999999999992,lognormal_tang,10001000959,10001,ER,other
1.0,8.0,0.0009375,0.03399999999999999,5.0,0.16999999999999993,lognormal_tang,10001000960,10001,ER,other
1.0,59.0,0.003305084745762714,0.03399999999999999,5.0,0.16999999999999993,lognormal_tang,10001000962,10001,ER,other
1.0,30.0,0.0013833333333333339,0.03399999999999999,5.0,0.16999999999999993,lognormal_tang,10001000961,10001,ER,other
1.0,31.0,0.002080645161290323,0.03399999999999999,5.0,0.16999999999999993,lognormal_tang,10001000963,10001,ER,other
1.0,14.0,0.001892857142857143,0.03399999999999999,5.0,0.16999999999999993,lognormal_tang,10001000964,10001,ER,other
1.0,14.0,0.0010357142857142859,0.03399999999999999,5.0,0.16999999999999993,lognormal_tang,10001000965,10001,ER,other
1.0,135.0,0.003125925925925928,0.03399999999999999,5.0,0.16999999999999993,lognormal_tang,10001000967,10001,ER,other
1.0,19.0,0.0023947368421052633,0.03399999999999999,5.0,0.16999999999999993,lognormal_tang,10001000968,10001,ER,other
1.0,71.0,0.0018380281690140857,0.03399999999999999,5.0,0.16999999999999993,lognormal_tang,10001000966,10001,ER,other
1.0,7.0,0.0009285714285714287,0.03399999999999999,5.0,0.16999999999999993,lognormal_tang,10001000969,10001,ER,other
1.0,18.0,0.0012777777777777779,0.03399999999999999,5.0,0.16999999999999993,lognormal_tang,10001000970,10001,ER,other
1.0,115.0,0.004391304347826089,0.03399999999999999,5.0,0.16999999999999993,lognormal_tang,10001000971,10001,ER,other
1.0,22.0,0.0016136363636363644,0.03399999999999999,5.0,0.16999999999999993,lognormal_tang,10001000972,10001,ER,other
1.0,8.0,0.0018125000000000003,0.03399999999999999,5.0,0.16999999999999993,lognormal_tang,10001000973,10001,ER,other
1.0,68.0,0.0012205882352941185,0.03399999999999999,5.0,0.16999999999999993,lognormal_tang,10001000974,10001,ER,other
1.0,13.0,0.0006153846153846156,0.03399999999999999,5.0,0.16999999999999993,lognormal_tang,10001000975,10001,ER,other
1.0,81.0,0.0014506172839506184,0.03399999999999999,5.0,0.16999999999999993,lognormal_tang,10001000976,10001,ER,other
1.0,35.0,0.0023000000000000013,0.03399999999999999,5.0,0.16999999999999993,lognormal_tang,10001000977,10001,ER,other
1.0,40.0,0.0016125000000000007,0.03399999999999999,5.0,0.16999999999999993,lognormal_tang,10001000978,10001,ER,other
1.0,94.0,0.0015638297872340437,0.03399999999999999,5.0,0.16999999999999993,lognormal_tang,10001000979,10001,ER,other
1.0,10.0,0.0010999999999999998,0.03399999999999999,5.0,0.16999999999999993,lognormal_tang,10001000980,10001,ER,other
1.0,26.0,0.002442307692307693,0.03399999999999999,5.0,0.16999999999999993,lognormal_tang,10001000981,10001,ER,other
1.0,12.0,0.0011250000000000003,0.03399999999999999,5.0,0.16999999999999993,lognormal_tang,10001000983,10001,ER,other
1.0,8.0,0.0017500000000000003,0.03399999999999999,5.0,0.16999999999999993,lognormal_tang,10001000982,10001,ER,other
1.0,27.0,0.0016481481481481486,0.03599999999999998,5.0,0.1799999999999999,lognormal_tang,10001000984,10001,ER,other
1.0,8.0,0.0015625,0.03599999999999998,5.0,0.1799999999999999,lognormal_tang,10001000986,10001,ER,other
1.0,16.0,0.0020312500000000005,0.03599999999999998,5.0,0.1799999999999999,lognormal_tang,10001000987,10001,ER,other
1.0,4.0,0.00075,0.03599999999999998,5.0,0.1799999999999999,lognormal_tang,10001000988,10001,ER,other
1.0,11.0,0.0010909090909090912,0.03599999999999998,5.0,0.1799999999999999,lognormal_tang,10001000989,10001,ER,other
1.0,15.0,0.0009333333333333336,0.03599999999999998,5.0,0.1799999999999999,lognormal_tang,10001000991,10001,ER,other
1.0,14.0,0.0008571428571428574,0.03599999999999998,5.0,0.1799999999999999,lognormal_tang,10001000990,10001,ER,other
1.0,23.0,0.0021086956521739137,0.03599999999999998,5.0,0.1799999999999999,lognormal_tang,10001000992,10001,ER,other
1.0,14.0,0.0007500000000000001,0.03199999999999999,5.0,0.15999999999999992,lognormal_tang,10001000958,10001,ER,other
1.0,67.0,0.0029925373134328374,0.03599999999999998,5.0,0.1799999999999999,lognormal_tang,10001000994,10001,ER,other
1.0,311.0,0.020850000000000004,0.03599999999999998,5.0,0.1799999999999999,lognormal_tang,10001000993,10001,ER,other
1.0,50.0,0.0011300000000000006,0.03599999999999998,5.0,0.1799999999999999,lognormal_tang,10001000995,10001,ER,other
1.0,54.0,0.0020833333333333346,0.03599999999999998,5.0,0.1799999999999999,lognormal_tang,10001000996,10001,ER,other
1.0,73.0,0.00423287671232877,0.03599999999999998,5.0,0.1799999999999999,lognormal_tang,10001000997,10001,ER,other
1.0,26.0,0.001711538461538462,0.03599999999999998,5.0,0.1799999999999999,lognormal_tang,10001000998,10001,ER,other
1.0,6.0,0.0013333333333333333,0.03599999999999998,5.0,0.1799999999999999,lognormal_tang,10001000999,10001,ER,other
1.0,6.0,0.00125,0.03599999999999998,5.0,0.1799999999999999,lognormal_tang,10001001000,10001,ER,other
1.0,15.0,0.0015333333333333338,0.03599999999999998,5.0,0.1799999999999999,lognormal_tang,10001001001,10001,ER,other
1.0,28.0,0.0033214285714285724,0.03599999999999998,5.0,0.1799999999999999,lognormal_tang,10001000985,10001,ER,other
1.0,128.0,0.005585937499999991,0.03599999999999998,5.0,0.1799999999999999,lognormal_tang,10001001002,10001,ER,other
1.0,27.0,0.001277777777777778,0.03599999999999998,5.0,0.1799999999999999,lognormal_tang,10001001003,10001,ER,other
1.0,14.0,0.0011428571428571432,0.03599999999999998,5.0,0.1799999999999999,lognormal_tang,10001001006,10001,ER,other
1.0,313.0,0.006784999999999981,0.03599999999999998,5.0,0.1799999999999999,lognormal_tang,10001001005,10001,ER,other
1.0,84.0,0.0024285714285714305,0.03599999999999998,5.0,0.1799999999999999,lognormal_tang,10001001007,10001,ER,other
1.0,16.0,0.0016562500000000006,0.03799999999999998,5.0,0.1899999999999999,lognormal_tang,10001001008,10001,ER,other
1.0,14.0,0.0009642857142857144,0.03799999999999998,5.0,0.1899999999999999,lognormal_tang,10001001009,10001,ER,other
1.0,11.0,0.0011363636363636365,0.03799999999999998,5.0,0.1899999999999999,lognormal_tang,10001001011,10001,ER,other
1.0,65.0,0.0027461538461538474,0.03799999999999998,5.0,0.1899999999999999,lognormal_tang,10001001010,10001,ER,other
1.0,91.0,0.002461538461538463,0.03799999999999998,5.0,0.1899999999999999,lognormal_tang,10001001012,10001,ER,other
1.0,58.0,0.0018965517241379321,0.03799999999999998,5.0,0.1899999999999999,lognormal_tang,10001001013,10001,ER,other
1.0,24.0,0.002020833333333334,0.03799999999999998,5.0,0.1899999999999999,lognormal_tang,10001001014,10001,ER,other
1.0,48.0,0.002166666666666668,0.03799999999999998,5.0,0.1899999999999999,lognormal_tang,10001001016,10001,ER,other
1.0,9.0,0.0007222222222222225,0.03799999999999998,5.0,0.1899999999999999,lognormal_tang,10001001017,10001,ER,other
1.0,11.0,0.0011818181818181819,0.03799999999999998,5.0,0.1899999999999999,lognormal_tang,10001001015,10001,ER,other
1.0,65.0,0.0011461538461538467,0.03599999999999998,5.0,0.1799999999999999,lognormal_tang,10001001004,10001,ER,other
1.0,5.0,0.0005,0.03799999999999998,5.0,0.1899999999999999,lognormal_tang,10001001021,10001,ER,other
1.0,218.0,0.007849999999999982,0.03799999999999998,5.0,0.1899999999999999,lognormal_tang,10001001020,10001,ER,other
1.0,647.0,0.009209999999999986,0.03799999999999998,5.0,0.1899999999999999,lognormal_tang,10001001018,10001,ER,other
1.0,7.0,0.0007142857142857144,0.03799999999999998,5.0,0.1899999999999999,lognormal_tang,10001001019,10001,ER,other
1.0,22.0,0.0009772727272727275,0.03799999999999998,5.0,0.1899999999999999,lognormal_tang,10001001023,10001,ER,other
1.0,20.0,0.0019500000000000008,0.03799999999999998,5.0,0.1899999999999999,lognormal_tang,10001001024,10001,ER,other
0.0,10000.0,0.19563750000000002,0.04799999999999997,5.0,0.23999999999999988,power_law_tang,10001000765,10001,ER,other
1.0,14.0,0.0010000000000000002,0.03799999999999998,5.0,0.1899999999999999,lognormal_tang,10001001026,10001,ER,other
1.0,2.0,0.0005,0.03799999999999998,5.0,0.1899999999999999,lognormal_tang,10001001027,10001,ER,other
1.0,54.0,0.001962962962962964,0.03799999999999998,5.0,0.1899999999999999,lognormal_tang,10001001022,10001,ER,other
1.0,283.0,0.005252499999999989,0.03799999999999998,5.0,0.1899999999999999,lognormal_tang,10001001028,10001,ER,other
1.0,207.0,0.006694999999999981,0.03799999999999998,5.0,0.1899999999999999,lognormal_tang,10001001030,10001,ER,other
1.0,29.0,0.0014827586206896557,0.03799999999999998,5.0,0.1899999999999999,lognormal_tang,10001001031,10001,ER,other
1.0,7.0,0.0012142857142857144,0.03999999999999998,5.0,0.1999999999999999,lognormal_tang,10001001033,10001,ER,other
1.0,22.0,0.001477272727272728,0.03999999999999998,5.0,0.1999999999999999,lognormal_tang,10001001032,10001,ER,other
1.0,5.0,0.0006000000000000001,0.03999999999999998,5.0,0.1999999999999999,lognormal_tang,10001001036,10001,ER,other
1.0,21.0,0.0013095238095238101,0.03799999999999998,5.0,0.1899999999999999,lognormal_tang,10001001025,10001,ER,other
1.0,4.0,0.00125,0.03999999999999998,5.0,0.1999999999999999,lognormal_tang,10001001038,10001,ER,other
1.0,8.0,0.0013124999999999999,0.03999999999999998,5.0,0.1999999999999999,lognormal_tang,10001001040,10001,ER,other
1.0,166.0,0.0037259036144578297,0.03999999999999998,5.0,0.1999999999999999,lognormal_tang,10001001037,10001,ER,other
1.0,12.0,0.0018333333333333337,0.03999999999999998,5.0,0.1999999999999999,lognormal_tang,10001001041,10001,ER,other
1.0,5.0,0.0007,0.03999999999999998,5.0,0.1999999999999999,lognormal_tang,10001001042,10001,ER,other
1.0,18.0,0.0017222222222222226,0.03999999999999998,5.0,0.1999999999999999,lognormal_tang,10001001043,10001,ER,other
1.0,4.0,0.000875,0.03999999999999998,5.0,0.1999999999999999,lognormal_tang,10001001045,10001,ER,other
1.0,59.0,0.0018389830508474588,0.03999999999999998,5.0,0.1999999999999999,lognormal_tang,10001001046,10001,ER,other
1.0,113.0,0.002730088495575223,0.03999999999999998,5.0,0.1999999999999999,lognormal_tang,10001001047,10001,ER,other
1.0,20.0,0.0016750000000000005,0.03999999999999998,5.0,0.1999999999999999,lognormal_tang,10001001048,10001,ER,other
1.0,2823.0,0.010402499999999986,0.03799999999999998,5.0,0.1899999999999999,lognormal_tang,10001001029,10001,ER,other
1.0,10.0,0.0010500000000000002,0.03999999999999998,5.0,0.1999999999999999,lognormal_tang,10001001049,10001,ER,other
1.0,20.0,0.0015750000000000004,0.03999999999999998,5.0,0.1999999999999999,lognormal_tang,10001001050,10001,ER,other
1.0,160.0,0.0043499999999999945,0.03999999999999998,5.0,0.1999999999999999,lognormal_tang,10001001051,10001,ER,other
1.0,66.0,0.0024242424242424255,0.03999999999999998,5.0,0.1999999999999999,lognormal_tang,10001001053,10001,ER,other
1.0,16.0,0.0015937500000000005,0.03999999999999998,5.0,0.1999999999999999,lognormal_tang,10001001052,10001,ER,other
1.0,3.0,0.0005,0.03999999999999998,5.0,0.1999999999999999,lognormal_tang,10001001054,10001,ER,other
1.0,90.0,0.0017722222222222234,0.03999999999999998,5.0,0.1999999999999999,lognormal_tang,10001001055,10001,ER,other
1.0,4.0,0.000625,0.04199999999999998,5.0,0.2099999999999999,lognormal_tang,10001001057,10001,ER,other
1.0,12.0,0.0014583333333333338,0.04199999999999998,5.0,0.2099999999999999,lognormal_tang,10001001058,10001,ER,other
1.0,11.0,0.001590909090909091,0.04199999999999998,5.0,0.2099999999999999,lognormal_tang,10001001059,10001,ER,other
1.0,5.0,0.0006000000000000001,0.04199999999999998,5.0,0.2099999999999999,lognormal_tang,10001001060,10001,ER,other
1.0,87.0,0.0034885057471264387,0.04199999999999998,5.0,0.2099999999999999,lognormal_tang,10001001061,10001,ER,other
1.0,6.0,0.0006666666666666666,0.04199999999999998,5.0,0.2099999999999999,lognormal_tang,10001001062,10001,ER,other
1.0,5.0,0.0014,0.04199999999999998,5.0,0.2099999999999999,lognormal_tang,10001001063,10001,ER,other
1.0,6.0,0.0011666666666666668,0.04199999999999998,5.0,0.2099999999999999,lognormal_tang,10001001064,10001,ER,other
1.0,48.0,0.001447916666666667,0.04199999999999998,5.0,0.2099999999999999,lognormal_tang,10001001065,10001,ER,other
1.0,31.0,0.001387096774193549,0.04199999999999998,5.0,0.2099999999999999,lognormal_tang,10001001066,10001,ER,other
1.0,7.0,0.0008571428571428572,0.04199999999999998,5.0,0.2099999999999999,lognormal_tang,10001001067,10001,ER,other
0.0,10000.0,0.19753249999999994,0.04799999999999997,5.0,0.23999999999999988,power_law_tang,10001000767,10001,ER,other
0.0,10000.0,0.2008024999999999,0.04799999999999997,5.0,0.23999999999999988,power_law_tang,10001000766,10001,ER,other
1.0,12.0,0.0020833333333333333,0.04199999999999998,5.0,0.2099999999999999,lognormal_tang,10001001069,10001,ER,other
1.0,14.0,0.002000000000000001,0.04199999999999998,5.0,0.2099999999999999,lognormal_tang,10001001071,10001,ER,other
0.0,10000.0,0.04923499999999997,0.03999999999999998,5.0,0.1999999999999999,lognormal_tang,10001001035,10001,ER,other
0.0,10000.0,0.07714749999999998,0.03999999999999998,5.0,0.1999999999999999,lognormal_tang,10001001034,10001,ER,other
1.0,10.0,0.0008500000000000003,0.04199999999999998,5.0,0.2099999999999999,lognormal_tang,10001001073,10001,ER,other
1.0,29.0,0.0022758620689655178,0.04199999999999998,5.0,0.2099999999999999,lognormal_tang,10001001075,10001,ER,other
1.0,33.0,0.0011969696969696977,0.04199999999999998,5.0,0.2099999999999999,lognormal_tang,10001001076,10001,ER,other
1.0,11.0,0.002272727272727273,0.04199999999999998,5.0,0.2099999999999999,lognormal_tang,10001001077,10001,ER,other
1.0,4.0,0.000875,0.04199999999999998,5.0,0.2099999999999999,lognormal_tang,10001001078,10001,ER,other
1.0,17.0,0.0016470588235294125,0.04199999999999998,5.0,0.2099999999999999,lognormal_tang,10001001079,10001,ER,other
0.0,10000.0,0.06404250000000003,0.03999999999999998,5.0,0.1999999999999999,lognormal_tang,10001001044,10001,ER,other
1.0,13.0,0.0013461538461538465,0.04399999999999998,5.0,0.2199999999999999,lognormal_tang,10001001080,10001,ER,other
1.0,14.0,0.0021785714285714286,0.04399999999999998,5.0,0.2199999999999999,lognormal_tang,10001001081,10001,ER,other
1.0,23.0,0.0009347826086956526,0.04399999999999998,5.0,0.2199999999999999,lognormal_tang,10001001083,10001,ER,other
1.0,6.0,0.0005833333333333334,0.04399999999999998,5.0,0.2199999999999999,lognormal_tang,10001001084,10001,ER,other
0.0,10000.0,0.05918250000000002,0.03999999999999998,5.0,0.1999999999999999,lognormal_tang,10001001039,10001,ER,other
0.0,10000.0,0.11918750000000006,0.04199999999999998,5.0,0.2099999999999999,lognormal_tang,10001001056,10001,ER,other
1.0,7.0,0.000785714285714286,0.04399999999999998,5.0,0.2199999999999999,lognormal_tang,10001001087,10001,ER,other
0.0,10000.0,0.11551750000000002,0.04199999999999998,5.0,0.2099999999999999,lognormal_tang,10001001068,10001,ER,other
1.0,27.0,0.0018518518518518526,0.04399999999999998,5.0,0.2199999999999999,lognormal_tang,10001001089,10001,ER,other
0.0,10000.0,0.11529249999999999,0.04199999999999998,5.0,0.2099999999999999,lognormal_tang,10001001074,10001,ER,other
1.0,6.0,0.0010833333333333335,0.04399999999999998,5.0,0.2199999999999999,lognormal_tang,10001001091,10001,ER,other
1.0,10.0,0.0008500000000000003,0.04399999999999998,5.0,0.2199999999999999,lognormal_tang,10001001092,10001,ER,other
1.0,10.0,0.00115,0.04399999999999998,5.0,0.2199999999999999,lognormal_tang,10001001093,10001,ER,other
0.0,10000.0,0.12465250000000008,0.04199999999999998,5.0,0.2099999999999999,lognormal_tang,10001001072,10001,ER,other
0.0,10000.0,0.10854749999999999,0.04199999999999998,5.0,0.2099999999999999,lognormal_tang,10001001070,10001,ER,other
1.0,29.0,0.002879310344827587,0.04399999999999998,5.0,0.2199999999999999,lognormal_tang,10001001096,10001,ER,other
0.0,10000.0,0.1452749999999999,0.04399999999999998,5.0,0.2199999999999999,lognormal_tang,10001001085,10001,ER,other
1.0,10.0,0.0016500000000000004,0.04399999999999998,5.0,0.2199999999999999,lognormal_tang,10001001098,10001,ER,other
0.0,10000.0,0.13363249999999996,0.04399999999999998,5.0,0.2199999999999999,lognormal_tang,10001001082,10001,ER,other
0.0,10000.0,0.14258500000000005,0.04399999999999998,5.0,0.2199999999999999,lognormal_tang,10001001086,10001,ER,other
0.0,10000.0,0.136485,0.04399999999999998,5.0,0.2199999999999999,lognormal_tang,10001001090,10001,ER,other
1.0,10.0,0.0006500000000000002,0.04399999999999998,5.0,0.2199999999999999,lognormal_tang,10001001102,10001,ER,other
1.0,7.0,0.0007142857142857144,0.04399999999999998,5.0,0.2199999999999999,lognormal_tang,10001001103,10001,ER,other
1.0,28.0,0.0015000000000000002,0.04599999999999997,5.0,0.22999999999999987,lognormal_tang,10001001104,10001,ER,other
0.0,10000.0,0.14772000000000005,0.04399999999999998,5.0,0.2199999999999999,lognormal_tang,10001001088,10001,ER,other
1.0,67.0,0.0016194029850746278,0.04599999999999997,5.0,0.22999999999999987,lognormal_tang,10001001106,10001,ER,other
0.0,10000.0,0.15321,0.04399999999999998,5.0,0.2199999999999999,lognormal_tang,10001001094,10001,ER,other
0.0,10000.0,0.12396499999999999,0.04399999999999998,5.0,0.2199999999999999,lognormal_tang,10001001097,10001,ER,other
0.0,10000.0,0.13645500000000008,0.04399999999999998,5.0,0.2199999999999999,lognormal_tang,10001001095,10001,ER,other
0.0,10000.0,0.1384475,0.04399999999999998,5.0,0.2199999999999999,lognormal_tang,10001001099,10001,ER,other
0.0,10000.0,0.15385750000000004,0.04399999999999998,5.0,0.2199999999999999,lognormal_tang,10001001100,10001,ER,other
1.0,16.0,0.0015625000000000005,0.04599999999999997,5.0,0.22999999999999987,lognormal_tang,10001001112,10001,ER,other
1.0,17.0,0.0014411764705882357,0.04599999999999997,5.0,0.22999999999999987,lognormal_tang,10001001113,10001,ER,other
0.0,10000.0,0.14074249999999994,0.04399999999999998,5.0,0.2199999999999999,lognormal_tang,10001001101,10001,ER,other
0.0,10000.0,0.16508500000000004,0.04599999999999997,5.0,0.22999999999999987,lognormal_tang,10001001105,10001,ER,other
0.0,10000.0,0.16592750000000003,0.04599999999999997,5.0,0.22999999999999987,lognormal_tang,10001001108,10001,ER,other
0.0,10000.0,0.1600424999999999,0.04599999999999997,5.0,0.22999999999999987,lognormal_tang,10001001107,10001,ER,other
1.0,5.0,0.0015000000000000002,0.04599999999999997,5.0,0.22999999999999987,lognormal_tang,10001001118,10001,ER,other
0.0,10000.0,0.17525999999999986,0.04599999999999997,5.0,0.22999999999999987,lognormal_tang,10001001109,10001,ER,other
1.0,15.0,0.0012333333333333337,0.04599999999999997,5.0,0.22999999999999987,lognormal_tang,10001001120,10001,ER,other
1.0,33.0,0.0013333333333333337,0.04599999999999997,5.0,0.22999999999999987,lognormal_tang,10001001121,10001,ER,other
1.0,9.0,0.0009444444444444445,0.04599999999999997,5.0,0.22999999999999987,lognormal_tang,10001001122,10001,ER,other
0.0,10000.0,0.16487499999999994,0.04599999999999997,5.0,0.22999999999999987,lognormal_tang,10001001111,10001,ER,other
1.0,48.0,0.0008958333333333339,0.04599999999999997,5.0,0.22999999999999987,lognormal_tang,10001001124,10001,ER,other
0.0,10000.0,0.15439000000000003,0.04599999999999997,5.0,0.22999999999999987,lognormal_tang,10001001110,10001,ER,other
0.0,10000.0,0.1696275000000001,0.04599999999999997,5.0,0.22999999999999987,lognormal_tang,10001001114,10001,ER,other
1.0,5.0,0.0017000000000000001,0.04599999999999997,5.0,0.22999999999999987,lognormal_tang,10001001127,10001,ER,other
0.0,10000.0,0.16360000000000002,0.04599999999999997,5.0,0.22999999999999987,lognormal_tang,10001001115,10001,ER,other
0.0,10000.0,0.16628749999999998,0.04599999999999997,5.0,0.22999999999999987,lognormal_tang,10001001116,10001,ER,other
1.0,16.0,0.0009375000000000002,0.04799999999999997,5.0,0.23999999999999988,lognormal_tang,10001001130,10001,ER,other
0.0,10000.0,0.1662050000000001,0.04599999999999997,5.0,0.22999999999999987,lognormal_tang,10001001119,10001,ER,other
0.0,10000.0,0.17083250000000005,0.04599999999999997,5.0,0.22999999999999987,lognormal_tang,10001001123,10001,ER,other
0.0,10000.0,0.1657650000000001,0.04599999999999997,5.0,0.22999999999999987,lognormal_tang,10001001117,10001,ER,other
0.0,10000.0,0.18032499999999987,0.04599999999999997,5.0,0.22999999999999987,lognormal_tang,10001001125,10001,ER,other
1.0,85.0,0.0015588235294117657,0.04799999999999997,5.0,0.23999999999999988,lognormal_tang,10001001135,10001,ER,other
0.0,10000.0,0.20051249999999995,0.04799999999999997,5.0,0.23999999999999988,lognormal_tang,10001001128,10001,ER,other
1.0,7.0,0.0010714285714285717,0.04799999999999997,5.0,0.23999999999999988,lognormal_tang,10001001137,10001,ER,other
0.0,10000.0,0.16384749999999998,0.04599999999999997,5.0,0.22999999999999987,lognormal_tang,10001001126,10001,ER,other
0.0,10000.0,0.19508500000000015,0.04799999999999997,5.0,0.23999999999999988,lognormal_tang,10001001129,10001,ER,other
0.0,10000.0,0.19197750000000002,0.04799999999999997,5.0,0.23999999999999988,lognormal_tang,10001001132,10001,ER,other
0.0,10000.0,0.17855999999999997,0.04799999999999997,5.0,0.23999999999999988,lognormal_tang,10001001133,10001,ER,other
0.0,10000.0,0.19749250000000007,0.04799999999999997,5.0,0.23999999999999988,lognormal_tang,10001001131,10001,ER,other
0.0,10000.0,0.20638500000000012,0.04799999999999997,5.0,0.23999999999999988,lognormal_tang,10001001136,10001,ER,other
0.0,10000.0,0.1987975,0.04799999999999997,5.0,0.23999999999999988,lognormal_tang,10001001134,10001,ER,other
1.0,19.0,0.0018157894736842103,0.04799999999999997,5.0,0.23999999999999988,lognormal_tang,10001001145,10001,ER,other
0.0,10000.0,0.18811499999999995,0.04799999999999997,5.0,0.23999999999999988,lognormal_tang,10001001138,10001,ER,other
1.0,48.0,0.002125000000000001,0.04799999999999997,5.0,0.23999999999999988,lognormal_tang,10001001147,10001,ER,other
1.0,14.0,0.001535714285714286,0.04799999999999997,5.0,0.23999999999999988,lognormal_tang,10001001148,10001,ER,other
1.0,20.0,0.002300000000000001,0.04799999999999997,5.0,0.23999999999999988,lognormal_tang,10001001149,10001,ER,other
0.0,10000.0,0.18735749999999993,0.04799999999999997,5.0,0.23999999999999988,lognormal_tang,10001001139,10001,ER,other
0.0,10000.0,0.19082249999999995,0.04799999999999997,5.0,0.23999999999999988,lognormal_tang,10001001140,10001,ER,other
0.0,10000.0,0.20171250000000004,0.04799999999999997,5.0,0.23999999999999988,lognormal_tang,10001001142,10001,ER,other
0.0,10000.0,0.20273750000000007,0.04799999999999997,5.0,0.23999999999999988,lognormal_tang,10001001141,10001,ER,other
0.0,10000.0,0.20575500000000016,0.04799999999999997,5.0,0.23999999999999988,lognormal_tang,10001001144,10001,ER,other
0.0,10000.0,0.20171,0.04799999999999997,5.0,0.23999999999999988,lognormal_tang,10001001143,10001,ER,other
0.0,10000.0,0.19313250000000004,0.04799999999999997,5.0,0.23999999999999988,lognormal_tang,10001001146,10001,ER,other
0.0,10000.0,0.1958625,0.04799999999999997,5.0,0.23999999999999988,lognormal_tang,10001001150,10001,ER,other
0.0,10000.0,0.2010575000000001,0.04799999999999997,5.0,0.23999999999999988,lognormal_tang,10001001151,10001,ER,other
